,word,frequency
2506,go,767
2482,get,744
3256,like,729
1336,country,571
4680,retard,533
4844,say,511
4028,people,437
1434,cunt,423
858,call,410
3381,make,394
3847,one,390
4682,retarded,382
5637,think,376
2152,faggot,374
3312,look,352
2402,fuck,332
6121,want,294
4910,see,286
3143,know,282
2518,good,281
2492,girl,276
6171,well,273
5678,time,258
482,back,254
1142,come,238
2051,even,226
4496,really,220
1298,cook,214
2406,fucking,213
5542,take,196
2494,give,189
3709,need,188
3837,oh,182
4723,right,178
3330,love,176
5985,use,172
5363,still,169
6289,year,159
5576,team,158
491,bad,158
5375,stop,157
5589,tell,153
3731,never,153
3394,man,153
3230,let,152
3605,mongoloid,152
317,another,152
5031,show,151
6144,way,148
2844,illegal,145
4768,round,142
2857,immigrant,141
645,bitch,141
409,ass,141
6137,watch,137
2141,face,135
3646,much,134
5636,thing,128
2753,hope,128
2324,food,127
4558,refugee,125
2643,hate,124
5821,try,123
3204,leave,121
5009,shit,121
5549,talk,121
5218,someone,119
6251,word,117
4671,restaurant,117
4406,put,116
3738,next,115
6096,vote,114
3112,keep,113
252,alien,112
2215,feel,111
624,big,110
5713,tonight,109
3409,many,109
26,2,109
2982,instant,108
1883,eat,108
1494,day,107
4271,pretty,106
2055,ever,105
3286,little,105
2056,every,105
5859,u,104
4867,score,102
6245,woman,101
3457,mean,101
3451,may,100
3246,life,100
3167,last,99
5698,today,98
165,actually,97
6253,work,97
5850,two,94
6194,white,94
3288,live,93
4143,please,92
1,1,91
682,blonde,89
6219,win,89
2600,guy,88
3207,leftist,88
4135,play,88
2410,full,87
273,also,87
2557,great,87
5340,start,87
3841,okay,87
2272,first,86
1854,dumb,86
5419,stupid,86
278,always,85
780,bring,85
3662,muslim,85
6109,wait,84
6256,world,84
2736,home,84
6295,yes,83
405,ask,82
5349,stay,82
3308,long,82
4051,person,82
4950,serve,82
3842,old,81
5834,turn,81
5619,thank,80
2624,happen,78
3733,new,78
5482,sure,78
2662,hear,77
5814,trump,77
6288,yeah,76
4491,real,76
3669,n,75
3319,lose,73
43,3,72
1301,cooking,72
5473,support,71
4965,sex,71
592,believe,71
1508,death,69
2627,happy,69
2770,hot,69
5839,tweet,69
2678,help,69
3123,kill,68
5335,stand,67
6115,walk,66
3118,kid,66
4947,seriously,66
570,become,65
2633,hard,65
3746,nigger,65
5563,tart,64
3663,must,64
4441,racist,63
5233,sorry,63
5610,terrorist,63
3452,maybe,63
2339,forget,63
3840,ok,62
2258,find,61
382,around,61
271,already,61
2651,head,61
4783,run,61
746,boy,60
2173,fan,60
766,breakfast,60
4156,point,59
4600,remember,59
3540,mind,59
1987,enough,58
3220,lemon,58
6199,whole,57
3852,open,56
6276,wrong,56
1970,end,56
3080,job,56
1622,dessert,55
1730,dish,55
3748,night,55
3718,negro,54
1772,doctor,54
6161,week,54
4487,read,53
1522,deconstruct,53
5342,state,52
430,attack,52
84,7,52
56,4,52
3675,name,51
2616,hand,51
1009,child,51
5439,suck,51
2442,game,51
5238,sound,50
5646,though,50
3198,learn,50
3604,mongol,50
2369,free,49
765,break,49
3281,literally,49
4779,rule,49
6234,wish,49
3775,nothing,49
5259,speak,49
2381,friend,49
4927,send,48
3585,model,48
906,care,48
3201,least,48
5443,sudden,48
480,baby,47
4009,pay,47
1724,disgrace,47
5837,tv,47
2132,eye,47
2425,funny,46
1658,die,46
473,away,46
3086,joke,46
4117,place,46
1178,competition,46
1504,deal,45
6298,yet,45
4297,probably,44
3244,lie,44
5385,strategic,44
655,black,44
2181,far,43
3324,lot,42
2147,fact,42
263,allow,42
231,agree,42
3565,miss,41
152,act,41
644,bit,41
3477,meet,41
3116,kick,41
2693,high,40
6268,wow,40
2611,half,40
1780,dog,40
3975,part,40
4130,plate,40
2586,guess,40
3984,party,39
3742,nice,39
565,beat,39
2792,human,39
1609,deserve,39
5228,soon,39
1339,couple,38
2170,family,38
1663,different,38
475,awful,37
6051,video,37
4895,season,37
2,10,37
1272,contestant,37
5661,throw,37
3332,low,37
1007,chicken,37
4358,prove,37
5849,twitter,37
3092,judge,37
1341,course,37
5900,understand,37
4489,ready,37
2827,idea,36
3275,listen,36
3175,laugh,36
1369,crazy,36
2853,imagine,36
2242,fight,36
66,5,36
4916,seem,36
4593,religion,36
5041,sick,36
3528,migrant,36
6247,wonder,36
2193,fat,36
1455,cut,35
115,absolutely,35
971,change,35
2321,follow,35
1869,dyke,35
5386,strategically,35
3758,non,35
922,case,35
510,ban,35
2606,hair,34
169,add,34
3602,money,34
4183,poor,34
5702,together,34
4837,sausage,34
4919,self,34
3134,kitchen,34
3538,million,34
230,ago,33
4801,safe,33
1154,comment,33
874,can,33
4899,second,33
5533,table,32
3182,law,32
5416,stuff,32
4660,respect,32
2156,fair,32
5812,true,32
114,absolute,32
3947,pancake,32
4418,question,32
4921,sell,32
4226,power,31
1929,eliminate,31
4472,rather,31
685,bloody,31
899,car,31
3553,minute,31
1500,dead,31
5863,ugly,31
5484,surprise,31
841,buy,31
936,cause,31
4151,pm,31
2717,history,31
1691,dirty,31
3060,issue,31
3642,move,31
2718,hit,30
5017,shoot,30
1475,damn,30
4299,problem,30
2154,fail,30
322,anti,30
1386,crime,30
4798,sad,30
4162,police,30
328,anymore,30
2097,expect,30
312,annoying,30
1361,crap,30
2013,episode,30
1874,early,30
2457,gay,29
2834,idiot,29
3192,leader,29
4879,screen,29
2743,honestly,29
1523,deconstructed,29
6273,write,29
991,cheat,29
3127,kind,28
5036,shut,28
1073,clearly,28
4168,political,28
1800,double,28
5654,three,28
1931,elimination,28
586,behind,28
3362,mad,28
2984,instead,28
2759,horrible,28
2532,government,27
1087,close,27
3228,less,27
2676,hell,27
4461,rape,27
2726,hold,27
5722,top,27
6153,wear,27
1918,election,27
4839,save,27
2389,front,27
3265,line,27
929,catch,27
5359,stick,27
4830,sass,26
1276,continue,26
2254,finally,26
1913,either,26
3613,month,26
806,build,26
1679,dinner,26
3495,menu,26
1054,claim,26
4653,resist,26
3466,meatball,26
4721,rig,26
3375,main,26
3992,past,26
4378,pull,26
2577,group,26
3873,order,26
2060,evil,25
3688,nasty,25
2642,hat,25
2162,fake,25
506,ball,25
4675,result,25
1024,choice,25
4069,phone,25
4209,post,25
5379,story,25
4437,race,25
835,butcher,25
490,bacon,25
5119,slave,25
151,across,25
4498,reason,24
3620,morning,24
1662,difference,24
1373,create,24
825,burn,24
5163,smile,24
4622,report,24
2267,fire,24
3443,mate,24
3239,liberal,24
2262,finish,24
6215,will,24
6180,whatever,24
1826,dress,24
1792,door,23
2416,fun,23
265,almost,23
1424,cry,23
1183,complete,23
4384,punch,23
5735,total,23
164,actual,23
2776,house,23
1907,egg,23
5838,twat,23
4862,school,23
281,amazing,23
125,accept,23
4193,pork,22
4435,r,22
6098,voting,22
1983,enjoy,22
108,able,22
3640,mouth,22
662,blame,22
3337,luck,22
5785,treat,22
1492,daughter,22
1540,definitely,22
1302,cool,22
3736,news,22
3289,liver,22
712,book,21
6090,voice,21
5280,spic,21
2690,hi,21
3493,mention,21
4929,sense,21
5023,short,21
969,chance,21
2510,god,21
1729,disgusting,21
568,beautiful,21
3504,message,21
5737,totally,21
4670,rest,21
3966,parent,21
4711,rid,21
4870,scoring,21
6211,wife,21
4955,set,20
868,camper,20
1828,drink,20
5380,straight,20
2775,hour,20
1848,dude,20
4758,room,20
1849,due,20
3456,meal,20
3986,pass,20
1169,comp,20
135,account,20
3660,music,20
2898,include,20
5169,smug,20
5085,sit,20
3098,jump,20
3792,number,20
4087,pie,20
4494,reality,20
678,block,20
965,challenge,20
1519,decide,20
1840,drug,19
2821,icc,19
5356,step,19
5124,sleep,19
917,carry,19
167,ad,19
4481,raw,19
93,9,19
5617,th,19
3753,nobody,19
2163,fall,19
734,bottom,19
3826,offend,19
2789,huge,19
3818,obviously,19
5061,simple,19
5709,tomorrow,19
4264,president,19
3,100,19
383,arrest,19
6259,worry,19
3475,medium,19
2259,fine,19
4978,shame,19
998,chef,19
2351,forward,19
4473,rating,19
1046,city,19
2859,immigration,19
221,age,18
5057,silly,18
6112,wake,18
6082,visit,18
3490,mental,18
4715,ridiculous,18
5075,single,18
4945,series,18
2331,force,18
4086,picture,18
1651,dick,18
6139,water,18
3689,nation,18
4079,pick,18
5256,spatchcock,18
2192,fast,18
3234,level,18
2813,hurt,18
4308,producer,18
5813,truly,18
5602,term,18
1102,cock,18
5565,taste,18
6302,young,18
2578,grow,17
3774,note,17
2822,ice,17
288,american,17
5097,skill,17
1061,class,17
3492,mentally,17
5224,son,17
329,anyway,17
4088,piece,17
4354,protest,17
673,bless,17
5221,sometimes,17
1383,cricket,17
319,answer,17
687,blow,17
3423,marriage,17
704,bomb,17
3629,mother,17
1017,chinese,17
415,asshole,17
1072,clear,17
266,alone,17
4495,realize,17
1836,drop,17
538,base,17
3902,outside,17
3858,opinion,17
5644,tho,17
2596,gun,17
479,b,17
4449,raise,17
6280,x,17
2203,favourite,17
4898,seat,17
6168,welcome,17
2108,explain,17
4012,peace,17
789,brother,17
5044,side,17
1561,deliver,17
6227,winner,17
2066,exactly,17
5647,thought,17
4621,reply,16
2222,female,16
474,awesome,16
3595,mom,16
2355,four,16
4404,pussy,16
4601,remind,16
3644,movie,16
132,accord,16
1168,community,16
3124,killer,16
4533,red,16
5049,sign,16
1566,demand,16
3776,notice,16
3163,language,16
435,attention,16
724,boring,16
720,border,16
1387,criminal,16
3654,murder,16
4597,remain,16
3206,left,16
303,animal,16
543,basically,16
613,bet,16
5819,truth,16
3465,meat,16
1027,choose,16
993,check,16
5328,stage,16
3442,match,16
234,ahead,16
2814,husband,15
811,bullshit,15
5234,sort,15
1232,congratulation,15
5226,song,15
1927,elephant,15
2601,h,15
4370,public,15
6224,wing,15
5230,sorbet,15
4984,share,15
4432,quote,15
1882,easy,15
4351,protect,15
3596,moment,15
2664,heart,15
1184,completely,15
5697,toast,15
5405,strong,15
154,action,15
2796,humble,15
1562,delivery,15
697,body,15
309,announcement,15
1370,cream,15
6230,wipe,15
640,birthday,15
3084,join,15
2315,fly,15
3274,list,15
3154,lady,15
1507,dear,15
1044,citizen,15
4428,quit,15
2032,especially,15
5677,till,15
5843,twice,15
2431,future,15
928,cat,15
3503,mess,15
933,catwalk,15
3189,lazy,14
5606,terrible,14
4356,proud,14
4294,pro,14
6265,worth,14
4687,return,14
2165,false,14
5113,slap,14
1964,en,14
782,british,14
6067,violence,14
55,3rd,14
4429,quite,14
3380,majority,14
4397,pure,14
584,behaviour,14
16,15,14
2328,foot,14
3703,near,14
5573,teach,14
5739,touch,14
4213,pot,14
1917,elect,14
1623,destroy,14
2574,gross,14
2260,finger,14
5400,strike,14
2807,hungry,14
2495,glad,14
1565,delusional,14
1841,drunk,14
2432,g,14
870,camping,14
4331,promise,14
4260,present,14
4167,politic,14
1342,court,14
1464,dad,14
1249,consider,14
1480,dangerous,14
5483,surely,14
5276,spend,14
6122,war,14
5490,survive,14
371,area,14
4471,rate,14
6054,view,14
5012,shock,14
5310,spread,14
1811,drag,14
2991,insult,14
2691,hide,14
3579,mob,14
5020,shop,14
3832,officer,14
866,campaign,13
748,boyfriend,13
527,bar,13
3745,niggas,13
579,begin,13
5845,twist,13
3831,office,13
2053,event,13
1282,control,13
8,11,13
5609,terrorism,13
4492,realise,13
1801,doubt,13
4040,perhaps,13
812,bully,13
5087,situation,13
5390,street,13
4914,seek,13
1162,common,13
5084,sister,13
5641,third,13
904,card,13
6068,violent,13
4170,politician,13
4207,possible,13
5199,society,13
5337,star,13
5988,useless,13
2116,expose,13
4628,represent,13
6297,yesterday,13
3618,more,13
5766,train,13
4832,sassy,13
5777,trash,13
498,bag,13
3438,massive,13
956,certain,13
1247,conservative,13
1877,earth,13
4150,plus,13
2252,final,13
5475,suppose,13
5851,type,13
1723,disease,13
5505,swear,13
14,14,13
21,18,13
3191,lead,13
4778,ruin,13
2123,extra,13
88,8,13
975,chant,12
3446,matter,12
829,bus,12
5263,special,12
3169,late,12
1727,disgust,12
75,6,12
4902,secret,12
4164,policy,12
6135,waste,12
4777,rude,12
5239,soup,12
218,african,12
267,along,12
5236,soul,12
1330,count,12
5518,switch,12
4709,rich,12
5008,shirt,12
616,better,12
1695,disagree,12
4525,record,12
1094,club,12
1476,dance,12
1490,date,12
5344,statement,12
2618,handle,12
5853,typical,12
2344,former,12
33,24,12
763,bread,12
4090,pig,12
3997,pathetic,12
1736,dislike,12
6046,victim,12
4561,refuse,12
3171,later,12
4581,relate,12
2073,except,12
1872,e,12
942,celebrate,12
239,air,12
4214,potato,12
25,1st,12
4034,perfect,12
1376,credit,12
2658,health,12
5781,travel,12
630,bill,12
1768,divorce,12
4804,sake,12
1348,cow,12
374,argue,12
345,apparently,12
843,bye,12
120,abuse,12
2320,folk,11
6162,weekend,11
4269,pretend,11
4443,radical,11
1406,cross,11
2338,forever,11
27,20,11
6204,whore,11
1006,chick,11
19,17,11
4666,response,11
28,200,11
4543,refer,11
4231,practice,11
957,certainly,11
1227,confuse,11
4440,racism,11
1454,customer,11
1172,compare,11
1255,conspiracy,11
1363,crash,11
4403,push,11
753,brain,11
3484,member,11
2742,honest,11
5415,study,11
6095,vomit,11
3616,moral,11
5026,shot,11
3830,offer,11
2084,excuse,11
348,appear,11
403,asian,11
1901,education,11
5616,text,11
1617,despicable,11
2205,fear,11
3252,light,11
5909,unfair,11
3760,none,11
5088,six,11
2979,inspire,11
1720,discuss,11
2069,example,11
2284,flag,11
2281,fix,11
648,bitchy,11
3550,minority,11
2278,fit,11
650,bitter,11
308,announce,11
3690,national,11
2755,hopefully,11
542,basic,11
5574,teacher,11
5352,steal,11
3326,loud,11
852,cake,11
3038,involve,11
2894,incident,11
377,arm,11
1998,entire,11
1512,debate,11
3861,oppose,11
3860,opportunity,11
5816,trust,11
1824,dream,11
2602,ha,11
1520,decision,11
487,backstop,11
3017,internet,11
5336,standard,11
1536,defend,11
6100,vs,11
5388,stream,11
5904,undocumented,11
1521,declare,11
5153,slut,11
4120,plan,10
4340,proper,10
5193,social,10
2245,figure,10
5975,upset,10
1069,clean,10
2225,feminist,10
3229,lesson,10
5166,smoke,10
5164,smirk,10
997,cheese,10
5250,span,10
2843,ill,10
4713,ride,10
5372,stone,10
3397,manager,10
1831,drive,10
1832,driver,10
5387,strategy,10
4732,rise,10
4191,population,10
4668,responsible,10
48,31st,10
5801,triple,10
5446,suffer,10
718,boot,10
5467,super,10
6292,yell,10
2368,freak,10
974,channel,10
5561,target,10
2091,exist,10
1108,coffee,10
174,address,10
4078,pic,10
4071,photo,10
879,candidate,10
1097,co,10
5670,ticket,10
819,bunch,10
2412,fully,10
3766,normal,10
3141,knock,10
1571,democratic,10
5065,simply,10
1456,cute,10
2576,ground,10
3833,official,10
6166,weird,10
11,12,10
6050,victory,10
2914,indian,10
833,busy,10
4483,reach,10
2538,grade,10
3349,lynch,10
124,accent,10
6117,wall,10
3853,opener,10
2342,form,10
5028,shout,10
5578,tear,10
359,appreciate,10
730,bother,10
433,attempt,10
4248,prefer,9
4266,press,9
3011,interesting,9
4667,responsibility,9
2996,intellectual,9
3107,k,9
5651,threat,9
5395,stretch,9
3096,juice,9
5809,trouble,9
4,1000,9
2446,garbage,9
4697,review,9
392,arsehole,9
391,arse,9
6308,yummy,9
4361,provide,9
5688,tired,9
13,13,9
2886,improve,9
1210,condemn,9
5538,tag,9
463,average,9
4606,remove,9
5752,toxic,9
3211,legal,9
4619,replace,9
2102,experience,9
310,annoy,9
5588,television,9
4412,quality,9
3132,kiss,9
5496,suspicious,9
1892,economy,9
1098,coach,9
2966,insane,9
424,asylum,9
2841,ignore,9
2907,increase,9
2840,ignorant,9
5454,suit,9
4282,prime,9
2136,f,9
562,bear,9
3054,islamic,9
982,charge,9
633,bimbos,9
2645,hateful,9
638,bird,9
2378,fresh,9
907,career,9
1433,culture,9
1355,crack,9
2516,golden,9
6146,weak,9
4877,scream,9
5156,small,9
3834,officially,9
3544,mine,9
722,bore,9
3593,mole,9
6007,value,9
187,admit,9
5215,somebody,9
3607,monkey,9
4112,pitch,9
1666,dig,9
1374,credibility,9
4136,player,9
3650,multiple,9
4119,plain,9
3386,male,9
2322,follower,9
6036,version,9
2201,favorite,9
603,benefit,9
2316,focus,9
3395,manage,9
89,80,9
3923,p,9
1605,describe,9
741,bowl,9
44,30,9
3933,pain,9
2764,horse,9
3412,maple,9
4731,rip,9
4208,possibly,9
3705,nearly,9
1317,correct,9
865,camp,9
4967,sexist,9
4938,separate,9
1608,desert,9
759,brave,9
4185,pop,9
618,beyond,9
2386,fritter,9
57,40,9
1569,democracy,8
2291,flee,8
3139,knife,8
1440,curd,8
3147,l,8
3153,lad,8
2404,fucker,8
3009,interest,8
1976,energy,8
1560,delicious,8
1497,de,8
2004,entree,8
2591,guilty,8
3938,pair,8
2306,floor,8
1994,enter,8
1993,ensure,8
4463,rapist,8
3970,parliament,8
3104,justice,8
2610,halal,8
2326,fool,8
2046,european,8
3829,offensive,8
3828,offense,8
2287,flat,8
2534,grab,8
4053,personality,8
3461,meanwhile,8
2216,feeling,8
2212,feed,8
2502,global,8
1725,disgraceful,8
3269,link,8
2198,fault,8
3292,load,8
2794,humanity,8
4421,quickly,8
3424,marry,8
2766,host,8
2470,generation,8
1782,dollar,8
4257,prepare,8
2467,general,8
1295,convince,8
4327,project,8
3241,library,8
2220,fellow,8
1896,edit,8
2081,excited,8
3713,negative,8
4101,pink,8
2274,fish,8
3185,lawyer,8
1399,critique,8
4107,piss,8
1213,condescending,8
3670,na,8
1221,confidence,8
3643,movement,8
1906,effort,8
4148,plot,8
4341,properly,8
3232,letter,8
1496,dc,8
0,0,8
680,bloke,8
4946,serious,8
410,assault,8
5271,speech,8
5265,specific,8
396,article,8
5978,ur,8
4536,redemption,8
5727,torture,8
860,calm,8
380,army,8
5649,thousand,8
4549,refined,8
5086,site,8
744,box,8
5136,slightly,8
67,50,8
6150,wealthy,8
5672,tie,8
5681,tin,8
1093,clown,8
5830,tune,8
5148,slow,8
6239,within,8
877,cancel,8
779,brilliant,8
639,birth,8
4952,service,8
1067,classy,8
5485,surprised,8
6071,viral,8
513,bang,8
5413,student,8
1008,chief,8
4630,representative,8
6059,vile,8
301,angry,8
5369,stock,8
5599,tent,8
5791,trend,8
6174,western,8
4505,receive,8
450,australian,8
5994,utter,8
845,c,8
583,behavior,8
436,attitude,8
2817,hypocrite,7
3900,outrageous,7
4970,sexy,7
5832,turd,7
1465,daddy,7
2798,humiliate,7
2157,fairly,7
4933,sensitive,7
5795,trick,7
1485,dare,7
862,camel,7
3931,page,7
3927,packet,7
1518,decent,7
4935,sentence,7
4486,reaction,7
895,capsicum,7
2713,hire,7
6097,voter,7
4733,risk,7
4204,positive,7
1321,corrupt,7
2280,five,7
6055,viewer,7
4754,role,7
4755,roll,7
5995,utterly,7
1358,crackle,7
2677,hello,7
5992,usually,7
2702,hilarious,7
2725,hoe,7
896,captain,7
4122,planet,7
5968,update,7
4825,sandwich,7
4834,sauce,7
4105,pipe,7
2208,feature,7
923,cash,7
4979,shameful,7
5920,unhygienic,7
4074,phrase,7
2196,father,7
224,agent,7
4038,performance,7
1529,deep,7
5718,tooth,7
3849,online,7
4986,shark,7
675,blind,7
3068,jar,7
1686,direct,7
3573,mix,7
3570,mistake,7
1697,disappoint,7
5639,thinking,7
5635,thin,7
649,bite,7
3514,mexican,7
3144,knowledge,7
422,assume,7
3151,lack,7
3161,land,7
582,behave,7
5348,status,7
3382,maker,7
3193,leadership,7
3339,lucky,7
1815,drama,7
1819,draw,7
5378,storm,7
3320,loser,7
467,avoid,7
3295,local,7
5472,supply,7
5474,supporter,7
688,blue,7
3610,monster,7
5210,solution,7
5700,toe,7
3836,often,7
5019,shooting,7
1555,delete,7
2878,importance,7
5756,trade,7
3817,obvious,7
2883,impressed,7
5741,tough,7
5730,tory,7
142,accuse,7
1590,deport,7
1606,description,7
2059,evidence,7
3044,irish,7
2058,everywhere,7
1614,desperate,7
346,appeal,7
5694,title,7
5686,tip,7
3702,nazi,7
3698,nature,7
728,bot,7
356,apply,7
3682,narcissistic,7
3672,nail,7
5674,tight,7
1299,cookbook,7
3868,option,7
2473,genius,7
1133,color,7
4570,regular,7
4448,rain,7
6262,worship,7
6127,warm,7
2587,guest,7
4509,recipe,7
4337,proof,7
4335,pronounce,7
1170,company,7
128,accident,7
1084,clock,7
4637,require,7
2370,freedom,7
2340,forgive,7
2493,girlfriend,7
4690,reveal,7
1271,contest,7
6311,zero,7
6160,weed,7
1258,constantly,7
6176,wetback,7
2359,fr,7
2568,grip,7
4346,prosecute,7
4545,reference,7
6142,wave,7
2515,gold,7
1224,confirm,7
2909,indeed,6
332,apart,6
2964,innocent,6
2944,information,6
2365,fraud,6
5077,sink,6
330,anyways,6
1020,chip,6
5111,slam,6
2971,inside,6
3721,neither,6
738,bout,6
733,bottle,6
2372,freely,6
3696,natural,6
3692,nationalist,6
5152,slur,6
6236,witch,6
727,boss,6
5155,smack,6
4594,religious,6
2856,immediately,6
5073,singe,6
839,butter,6
878,cancer,6
3968,park,6
256,alive,6
4651,resign,6
2561,green,6
4303,process,6
863,camera,6
2335,foreign,6
3925,pack,6
1486,dark,6
5804,troll,6
846,ca,6
501,bake,6
4333,promote,6
838,butt,6
5751,town,6
291,amount,6
2130,extremist,6
4338,propaganda,6
2833,ideology,6
4980,shameless,6
2524,goon,6
1541,definition,6
5011,shitty,6
3838,oil,6
4625,reporter,6
2848,illness,6
2497,glass,6
2879,important,6
1563,delude,6
3016,international,6
3036,invite,6
5157,smart,6
32,23,6
3344,lunch,6
5570,tax,6
571,bed,6
574,beef,6
5572,tea,6
1158,commit,6
5345,station,6
6304,youth,6
1785,domestic,6
429,attach,6
3166,large,6
5595,ten,6
3420,mark,6
1770,dna,6
453,authority,6
560,bean,6
4446,rage,6
5517,swing,6
3258,likely,6
5493,suspend,6
3271,lip,6
1866,duty,6
1900,educate,6
6307,yrs,6
5409,struggle,6
555,battle,6
3298,lock,6
5530,syrian,6
535,barrier,6
3214,legend,6
541,bash,6
5532,system,6
5597,tennis,6
3435,mass,6
5159,smash,6
694,board,6
674,blessing,6
4420,quick,6
3064,jail,6
3061,item,6
683,blood,6
5216,someday,6
695,boat,6
3583,mock,6
3622,moron,6
3042,iq,6
4906,secular,6
707,bone,6
708,bong,6
3019,interview,6
3587,modelling,6
3075,jewish,6
5306,spot,6
5292,spiritual,6
5305,sportsmanship,6
2399,fry,6
611,best,6
1962,empty,6
1167,communist,6
1745,disqualify,6
5273,spell,6
5652,threaten,6
394,art,6
3533,military,6
3548,minister,6
3555,mirror,6
663,bland,6
1689,director,6
4909,security,6
5090,size,6
990,cheap,6
1023,chocolate,6
4702,revolt,6
4145,pledge,6
4285,print,6
4787,rush,6
2247,fill,6
4052,personal,6
4041,period,6
1016,chinaman,6
4037,perform,6
1431,cult,6
4881,screw,6
4722,rigged,6
4740,road,6
4888,scum,6
223,agenda,6
4236,pray,6
4267,pressure,6
6133,wash,6
4237,prayer,6
6129,warn,6
217,afraid,6
2622,hang,6
4129,plastic,6
2305,flood,6
4277,price,6
6061,village,6
2729,hole,6
1313,corner,6
2734,holy,6
213,affect,6
5936,unlike,6
183,administration,6
2189,fascist,6
4033,perception,6
6039,veteran,6
1446,currently,6
2765,hospital,6
4179,pony,6
1340,courage,6
1344,cousin,6
1343,couscous,6
3993,pastry,6
5341,starve,5
701,boil,5
951,centre,5
1193,compromise,5
2030,escape,5
2628,harass,5
3454,mayor,5
1025,choke,5
2695,highly,5
3626,most,5
3627,mostly,5
992,cheater,5
1036,church,5
6102,w,5
3463,measure,5
1925,elegant,5
2238,field,5
1926,element,5
691,blush,5
3057,island,5
4413,quarter,5
2443,gang,5
3358,machine,5
5304,sport,5
5160,smear,5
3445,math,5
3695,native,5
3156,lake,5
5696,tl,5
4388,punish,5
1618,despise,5
2052,evening,5
3208,leftover,5
4470,rat,5
2507,goal,5
6235,wit,5
6306,yr,5
2376,french,5
1389,cringe,5
126,acceptable,5
715,boom,5
4172,poll,5
6267,worthy,5
6041,vibe,5
4577,reject,5
1197,con,5
5546,talent,5
4121,plane,5
4169,politically,5
1273,context,5
599,bench,5
1037,churn,5
1670,dignity,5
4458,rank,5
1747,disrespect,5
4188,popular,5
397,artist,5
1107,code,5
386,arrive,5
41,2nd,5
5583,technology,5
3535,milk,5
6020,vegetable,5
5286,spin,5
980,character,5
4540,reduce,5
4438,racial,5
1114,cold,5
3114,key,5
6270,wreck,5
378,armed,5
1325,cost,5
5253,spare,5
5632,thick,5
1939,embarrassed,5
434,attend,5
3130,kindly,5
1726,disguise,5
3486,meme,5
5620,thankful,5
590,belief,5
631,billion,5
3405,manner,5
3478,meeting,5
2480,german,5
681,blond,5
4245,prediction,5
6258,worried,5
4800,sadly,5
5611,test,5
195,advance,5
367,arab,5
2011,epic,5
597,belong,5
1968,encourage,5
3067,japanese,5
2675,helicopter,5
2588,guide,5
4203,position,5
439,attractive,5
1698,disappointed,5
65,4th,5
1688,directly,5
193,adult,5
45,300,5
5290,spirit,5
6119,wanker,5
5650,thread,5
375,argument,5
5999,vacuous,5
3088,journalist,5
5240,sour,5
1181,complain,5
5371,stomach,5
6254,worker,5
1612,desire,5
3280,literal,5
3887,otherwise,5
5436,success,5
3878,organization,5
1435,cup,5
5423,style,5
2816,hypocrisy,5
3870,orange,5
1432,cultural,5
3865,oppress,5
5511,sweet,5
4036,perfectly,5
5790,tremendous,5
2824,icecream,5
4287,priority,5
830,business,5
525,banter,5
4976,shake,5
2830,identify,5
3856,operate,5
1135,colour,5
1852,dull,5
2528,got,5
1233,congratulatory,5
1422,crush,5
5526,synagogue,5
2120,extension,5
2190,fashion,5
2117,express,5
2614,ham,5
478,awkward,5
2805,hundred,5
531,barely,5
5444,suddenly,5
1879,easily,5
2771,hotcake,5
5848,twitch,5
880,candle,5
5842,twenty,5
3998,patience,5
1448,curse,5
2419,fund,5
1143,comeback,5
1469,daily,5
3955,paper,5
2325,foodie,5
2160,faith,5
5823,tsk,5
272,alright,5
2178,fantastic,5
5808,trophy,5
5881,uncle,5
1888,economic,5
4891,seal,5
1056,clap,5
5492,suspect,5
94,90,5
5451,suggest,5
4482,razor,5
1491,datum,5
859,calling,5
2150,fade,5
5796,trigger,5
1418,crumb,5
4589,release,5
1307,cope,5
1564,delusion,5
4603,remote,5
5706,tolerate,5
5392,strengthen,5
3795,nut,5
5708,tomato,5
2362,frame,5
3782,nowhere,5
774,brick,5
747,boycott,5
1829,drinking,5
5016,shoe,5
5391,strength,5
3313,looking,5
3762,nonsense,5
2072,excellent,5
3322,loss,5
925,caste,5
3317,loose,5
3744,nigga,5
5716,tool,5
5099,skin,5
1585,depend,5
4852,scare,5
2746,honor,5
3803,object,5
4863,science,5
1904,effect,5
1228,confused,5
5763,tragic,5
3300,logic,5
2195,fate,5
2862,immunity,5
2864,impact,5
1950,emotional,5
2868,impeach,5
4352,protection,5
1825,dreamer,5
4616,repeat,5
3823,odd,5
548,bastard,5
6233,wise,5
5704,tolerance,5
3719,neighbor,5
1843,dry,5
107,ability,5
1214,condition,5
5377,store,5
177,adequacy,4
5479,supremacy,4
2303,flog,4
2435,gain,4
1949,emotion,4
3251,lift,4
3160,lame,4
2641,hash,4
6099,vow,4
3209,leg,4
5543,taker,4
5499,swallow,4
158,actively,4
2433,gab,4
146,achieve,4
6106,waffle,4
2286,flame,4
2608,hairy,4
5559,tap,4
3186,lay,4
5581,technical,4
6078,visa,4
2598,gut,4
3194,league,4
5510,sweep,4
3179,launch,4
5552,tall,4
3243,lick,4
1908,ego,4
1897,editing,4
170,addict,4
29,21,4
2452,gate,4
2634,hardly,4
5550,talker,4
3170,lately,4
2298,flip,4
455,autistic,4
2639,harsh,4
428,atrocity,4
141,accusation,4
5876,unbelievable,4
1951,emotionally,4
3149,label,4
2127,extreme,4
2839,ignorance,4
5765,trailer,4
2758,horrendous,4
5764,trail,4
5915,unfortunate,4
2855,immediate,4
2356,fourth,4
2519,goodbye,4
5754,track,4
5916,unfortunately,4
5742,tour,4
2754,hopeful,4
6229,winter,4
2202,favour,4
2918,indigenous,4
2920,individual,4
2941,info,4
5928,unite,4
2511,goddamn,4
2604,hack,4
333,apartment,4
2209,federal,4
2970,insert,4
5712,tongue,4
5906,uneducated,4
2760,horrid,4
2831,identity,4
276,alternative,4
2172,famous,4
2774,hotpot,4
5871,unattractive,4
2176,fancy,4
2784,http,4
236,aid,4
2767,hostess,4
2560,greek,4
232,agreement,4
2336,foreigner,4
2155,failure,4
6189,whip,4
6213,wild,4
5799,trip,4
2341,fork,4
2548,grant,4
6207,wide,4
2535,grace,4
2812,hurry,4
5794,tribute,4
285,amd,4
2184,farm,4
286,amen,4
2761,horrific,4
2213,feedback,4
2740,homophobic,4
212,affair,4
1975,enemy,4
1999,entirely,4
6012,vapid,4
390,arrogant,4
398,asap,4
2478,genuinely,4
1982,english,4
5633,thief,4
5630,therefore,4
3128,kinda,4
2477,genuine,4
5627,theorist,4
2653,headline,4
3091,joy,4
2648,hatred,4
3131,king,4
5625,theme,4
5621,thanks,4
414,asset,4
2646,hater,4
5608,terror,4
6108,waist,4
1961,empowerment,4
1960,empower,4
3148,la,4
2660,healthy,4
2388,frog,4
2738,homeless,4
3029,invent,4
2508,goat,4
5692,tit,4
2218,feign,4
5947,unreal,4
354,apple,4
2585,guard,4
5976,upside,4
6240,witness,4
3026,invade,4
3028,invasion,4
2708,hindu,4
6248,wonderful,4
2251,filthy,4
5982,urge,4
6249,wood,4
3053,islam,4
2686,hero,4
2020,equivalent,4
366,ar,4
2682,hence,4
2174,fanatic,4
197,advantage,4
2670,heavy,4
2666,heat,4
1884,eater,4
3408,manus,4
502,baked,4
3920,owe,4
3981,particularly,4
4923,semi,4
3962,paranoid,4
3939,pakistani,4
3937,painting,4
3922,oxygen,4
1881,eastern,4
5203,soft,4
3903,outsider,4
847,cabbage,4
1505,dealer,4
4954,session,4
1514,decade,4
4968,sexual,4
887,cap,4
890,capital,4
3988,passenger,4
892,capitalism,4
1445,current,4
4893,search,4
4013,peaceful,4
4890,se,4
4883,script,4
1430,culprit,4
909,careful,4
4054,personally,4
4075,physical,4
4858,schedule,4
1409,crowd,4
4854,scary,4
1398,criticize,4
831,bust,4
1525,deconstruction,4
3855,openly,4
5080,sir,4
3630,motherfucker,4
5175,snap,4
5161,smell,4
1636,device,4
1633,develop,4
5150,slowly,4
1620,despite,4
5143,slogan,4
737,boundary,4
3712,negate,4
1611,design,4
1596,depth,4
5091,sized,4
5083,sissy,4
770,breath,4
1530,deeply,4
1577,demonstrate,4
3800,oath,4
5047,sigh,4
790,brown,4
5042,sicken,4
3827,offender,4
5032,showdown,4
1551,delay,4
5029,shove,4
800,buddy,4
5015,shocking,4
5006,ship,4
1537,defense,4
4983,shape,4
1396,critical,4
1395,critic,4
1391,crisis,4
4382,pumpkin,4
4704,rhetoric,4
4265,presidential,4
1045,citizenship,4
4280,pride,4
4665,respond,4
1257,constant,4
4641,research,4
4315,profile,4
4325,progressive,4
4638,requirement,4
1236,connect,4
4636,request,4
1222,confident,4
1081,clip,4
1203,concern,4
4259,presence,4
1196,computer,4
4409,q,4
4411,qualify,4
1095,clue,4
4416,queer,4
4571,regularly,4
4563,regardless,4
1118,collapse,4
4519,recognize,4
4455,random,4
1148,comfortable,4
1136,coloured,4
4488,reading,4
1139,combination,4
1028,chop,4
4250,pregnant,4
4829,sasquatch,4
1328,cough,4
945,cell,4
4808,salmon,4
954,cereal,4
4803,safety,4
4785,runway,4
1357,cracker,4
968,championship,4
4772,row,4
4161,pole,4
4766,rough,4
1346,cover,4
4750,rock,4
989,chat,4
4743,roast,4
1326,costume,4
1288,conversation,4
996,cheer,4
1322,corruption,4
4738,riveting,4
4730,riot,4
4728,ring,4
4217,poultry,4
1308,copy,4
1306,cop,4
4218,pound,4
4223,poverty,4
1013,chill,4
1018,chink,4
4228,pr,4
1291,conversion,4
5195,socialist,4
2421,funding,4
3373,mail,4
578,beg,4
511,banana,4
635,bind,4
1728,disgusted,4
1766,divide,4
1787,donate,4
1855,dumbass,4
5351,steak,4
5223,somewhere,4
5308,spouse,4
3270,lion,4
5232,sorrow,4
5360,sticker,4
580,beginning,4
1813,drain,4
576,beer,4
1857,dump,4
5393,stress,4
1793,doorbell,4
1809,downtime,4
5281,spice,4
3301,logical,4
3539,min,4
3546,minimum,4
3591,moist,4
1748,disrespectful,4
5294,spit,4
3511,method,4
539,baseball,4
647,bitching,4
1873,ear,4
659,blade,4
569,beauty,4
1776,dodge,4
1822,dread,4
3369,magazine,4
3422,marketing,4
3331,lovely,4
3531,mile,4
1777,dodger,4
660,blah,4
5251,spanish,4
1701,disaster,4
1816,dramatic,4
641,biscuit,4
6081,vision,3
4215,potential,3
3351,lyric,3
3350,lynching,3
3205,lecture,3
2612,halfway,3
4220,pour,3
4273,prevent,3
5384,strap,3
5536,tactic,3
5383,stranger,3
4705,rhyme,3
5539,tail,3
3334,lowlife,3
4243,predict,3
4235,prawn,3
4234,praise,3
4707,rib,3
2603,habit,3
6064,violate,3
5367,stir,3
5365,stinky,3
3352,m,3
3055,islamist,3
4210,poster,3
2626,happiness,3
5996,v,3
4157,poison,3
3402,manipulate,3
4484,react,3
4154,podcast,3
5330,stair,3
4152,po,3
4788,russian,3
4791,rusty,3
4146,plenty,3
4144,pleasure,3
5592,temple,3
2683,herb,3
4806,salary,3
4139,playlist,3
5989,user,3
5987,useful,3
4138,playing,3
3415,march,3
4160,poke,3
3399,mandate,3
2659,healthcare,3
4184,poorly,3
6063,vindictive,3
4739,rn,3
5571,taxis,3
4195,porno,3
2580,growth,3
2635,harm,3
6044,vicious,3
6043,vice,3
3384,making,3
6003,valid,3
2644,hated,3
6028,venue,3
4759,root,3
4762,rot,3
6021,veggie,3
4763,rotation,3
4764,rotten,3
6014,variety,3
4275,previous,3
4664,respectively,3
2579,grown,3
4278,priceless,3
2474,genocide,3
2476,gentleman,3
4529,recruit,3
4532,recycle,3
4548,refine,3
4423,quiet,3
4554,refrain,3
5440,sucker,3
2490,ginger,3
5501,swan,3
4415,queen,3
5509,swedish,3
5437,successful,3
5435,succeed,3
3290,living,3
4582,related,3
4402,pursue,3
4398,purely,3
2504,glove,3
4584,relationship,3
4396,purchase,3
6263,worshipper,3
2469,generally,3
5453,suicide,3
4502,recall,3
2428,furry,3
3257,likeable,3
6313,zionist,3
3262,limbo,3
3263,limit,3
2434,gag,3
4501,rebuild,3
4466,rarely,3
4465,rare,3
4504,recap,3
4513,reckon,3
2444,gap,3
4456,range,3
6274,writer,3
2449,gas,3
5486,surprising,3
4512,reckless,3
6269,wrap,3
2453,gather,3
4444,radio,3
4588,relax,3
4383,pun,3
4381,pump,3
6178,whack,3
4314,professor,3
4313,professional,3
4639,rescue,3
6182,wheat,3
4310,production,3
4309,product,3
3311,loo,3
4300,procedure,3
4656,resolve,3
2569,grit,3
6201,whoop,3
4659,resource,3
3219,leicester,3
4814,salute,3
6154,weather,3
4288,prison,3
4284,principle,3
4281,primary,3
3213,legally,3
6132,warrior,3
5531,syrup,3
2552,grateful,3
2509,gob,3
2523,gook,3
4377,puke,3
4372,publicly,3
4596,rely,3
4369,pub,3
3296,locate,3
4602,reminder,3
6221,wind,3
4357,proudly,3
5523,sympathizer,3
4604,remotely,3
6206,wicket,3
6216,willing,3
4632,republican,3
2527,gorgeous,3
3297,location,3
6214,wildlife,3
2533,governor,3
6208,widely,3
3307,lonely,3
4323,progress,3
4813,salty,3
3421,market,3
4818,sample,3
3557,miserable,3
5058,silver,3
2896,incite,3
5066,simpson,3
5072,sing,3
2908,incredible,3
5243,south,3
2912,independent,3
3770,nose,3
3767,normally,3
3759,nonce,3
5054,silence,3
2942,inform,3
3754,noise,3
2950,ingredient,3
2959,injure,3
2961,injustice,3
3750,nine,3
3577,moan,3
2967,insanity,3
5101,skinny,3
5055,silent,3
2884,impression,3
5121,slavery,3
5247,space,3
5773,translate,3
5769,traitor,3
5003,shift,3
2847,illiterate,3
5010,shite,3
3103,junk,3
5018,shooter,3
2851,image,3
3102,junior,3
5762,tragedy,3
2881,impossible,3
5760,traffic,3
5759,traditional,3
5645,thoroughly,3
5033,shower,3
3543,mindset,3
2877,import,3
5039,sibling,3
3094,judging,3
5245,soy,3
5659,throat,3
3735,newly,3
2714,hispanic,3
3601,monarchy,3
3018,interval,3
3655,murderer,3
3022,intolerant,3
5162,smelly,3
3027,invader,3
5167,smoking,3
5174,snake,3
3031,invest,3
3032,investigate,3
3033,investigation,3
5220,sometime,3
5188,snowflake,3
3635,motivation,3
5211,solve,3
5192,soccer,3
3615,mood,3
3049,irrespective,3
3051,irritate,3
3052,isis,3
5198,socially,3
3063,jacket,3
5685,tiny,3
5122,slay,3
3076,ji,3
2975,insist,3
5710,ton,3
3728,net,3
3724,nerve,3
2983,instantly,3
5135,slight,3
2986,instinct,3
2990,insufferable,3
5138,slip,3
5699,toddler,3
3699,nauru,3
3580,mobile,3
2994,integrity,3
5145,sloppy,3
3704,nearby,3
3590,modesty,3
3066,jam,3
2998,intelligence,3
3001,intense,3
3006,intention,3
5774,translation,3
3530,migration,3
2835,idiotic,3
4055,personnel,3
2750,hoop,3
4856,scenario,3
5925,union,3
4857,scene,3
3432,mash,3
5307,spotty,3
4861,scholarship,3
4061,pet,3
2756,horde,3
3444,material,3
2747,honour,3
4874,scramble,3
4875,scrape,3
4045,permit,3
5303,spoon,3
4878,screech,3
5300,sponsor,3
2763,horror,3
5297,split,3
5903,underwear,3
4853,scared,3
4093,pill,3
3854,opening,3
5962,unturned,3
2715,historic,3
4131,platform,3
5977,upstairs,3
4821,sanctuary,3
4822,sand,3
3417,marge,3
4827,sane,3
5963,unusual,3
5660,throughout,3
4116,pizza,3
4098,pin,3
4114,pity,3
4836,sauerkraut,3
4838,savage,3
5315,squad,3
3157,lakh,3
5309,spout,3
5930,universe,3
5929,unity,3
4848,scale,3
3459,meaning,3
4024,pencil,3
3145,korean,3
4957,settle,3
2801,humility,3
2803,humour,3
4951,server,3
4953,serving,3
3899,outraged,3
3898,outrage,3
3502,merit,3
5792,trial,3
5258,spawn,3
3859,opponent,3
5296,spittoon,3
5634,thigh,3
4969,sexually,3
3516,mi,3
3519,mid,3
5778,trashy,3
3857,operation,3
3521,middle,3
3526,might,3
5776,trap,3
4937,sentiment,3
5260,speaker,3
3915,overrate,3
3934,painful,3
4011,pc,3
4007,pause,3
5295,spiteful,3
3472,medical,3
3140,knob,3
4907,secularism,3
3983,partner,3
5855,typo,3
3480,melt,3
2778,housemate,3
2781,however,3
3969,parking,3
5282,spicy,3
4924,semifinal,3
3491,mentality,3
4926,semitic,3
5279,spew,3
4928,senior,3
3936,paint,3
3912,overload,3
3158,lamb,3
1216,condone,3
1680,dinosaur,3
1062,classic,3
1261,construct,3
575,beehive,3
1111,coin,3
85,70,3
413,assert,3
1683,diplomatic,3
412,assembly,3
2101,expensive,3
705,bomber,3
1582,deny,3
489,backwards,3
561,beaner,3
2057,everyday,3
1428,cuban,3
1870,dynasty,3
1593,depressed,3
1070,cleaning,3
1312,corn,3
710,boo,3
500,bait,3
2307,flop,3
585,behead,3
2044,eu,3
2065,exact,3
1905,efficiently,3
68,500,3
1145,comedy,3
1916,elderly,3
304,anime,3
420,associate,3
307,anniversary,3
2111,exploit,3
2110,explode,3
916,carrot,3
1115,cole,3
2037,estimate,3
787,broken,3
190,adoption,3
988,chase,3
419,assistance,3
2105,expert,3
594,belligerence,3
2041,ethic,3
2337,forest,3
2042,ethnic,3
1894,edge,3
1690,dirt,3
504,balance,3
402,ashamed,3
2353,foul,3
1099,coat,3
796,bubble,3
1283,controversial,3
1300,cooked,3
1635,development,3
735,bounce,3
814,bum,3
1652,dickhead,3
111,abortion,3
2256,financial,3
2255,finance,3
363,approach,3
1182,complaint,3
1090,clothe,3
962,chainsaw,3
1286,convenient,3
2249,film,3
365,approve,3
905,cardboard,3
121,abusive,3
903,caravan,3
2246,file,3
519,bank,3
1835,drool,3
795,brutally,3
1601,derogatory,3
1665,difficult,3
203,advice,3
2067,exam,3
545,basis,3
2228,fence,3
338,apologise,3
2095,expand,3
1858,dumpling,3
1192,comprise,3
1419,crumble,3
1795,dope,3
341,apology,3
133,accordingly,3
444,audience,3
2289,flavour,3
1189,compliment,3
99,99,3
2074,exception,3
1660,diet,3
1846,duck,3
389,arrogance,3
351,appeasement,3
216,afghan,3
157,active,3
1774,document,3
739,bow,3
294,anal,3
1719,discrimination,3
31,22,3
1231,congratulate,3
34,25,3
869,campground,3
1120,colleague,3
2125,extraordinary,3
459,automatically,3
1969,encouraging,3
1219,conference,3
38,28,3
274,alt,3
257,allegation,3
1718,discriminate,3
927,casually,3
1042,circle,3
873,campus,3
671,bleed,3
931,category,3
246,alarm,3
1449,curtain,3
247,album,3
456,auto,3
1502,deadly,3
632,billionaire,3
180,adjective,3
771,breathe,3
1123,collective,3
1758,district,3
1012,chili,3
768,breast,3
767,breaking,3
1721,discussion,3
1945,emergency,3
627,bigotry,3
1959,employment,3
1354,crab,3
2405,fuckhead,3
1943,embrace,3
1942,embarrassment,3
623,bid,3
2382,friendly,3
1501,deadbeat,3
1453,custom,3
2137,fa,3
262,alliance,3
1366,craving,3
1051,civilization,3
2025,erection,3
2140,fabulous,3
604,bengal,3
468,await,3
601,bend,3
1129,colon,3
1548,degenerate,3
1539,define,3
1549,degree,3
62,47,3
668,blatantly,3
260,allegedly,3
1248,conserve,3
1053,civilized,3
1473,damage,3
755,brainwash,3
2354,founder,3
1978,enforcement,3
240,aircraft,3
1932,elite,3
162,actor,3
2016,equality,3
2118,expression,3
757,brand,3
1487,darling,3
163,actress,3
610,besides,3
1715,discover,3
881,candy,3
264,ally,3
3355,machete,2
1303,coon,2
4222,pouting,2
4221,pout,2
5030,shovel,2
798,bucket,2
3455,mc,2
778,bright,2
5034,shred,2
1333,counterpart,2
4219,pounding,2
438,attract,2
4229,practical,2
1749,disrupt,2
1293,convict,2
1292,convert,2
4227,powerful,2
1808,download,2
1752,distance,2
437,attorney,2
4176,pompous,2
5027,shoulder,2
5643,thirsty,2
3366,madness,2
376,arise,2
421,association,2
1798,dose,2
1775,documentary,2
3436,massacre,2
1763,diversity,2
4205,possess,2
5614,testosterone,2
3411,map,2
1320,correctness,2
3434,mask,2
417,assimilate,2
1323,cos,2
418,assist,2
401,ash,2
5022,shore,2
3419,marinate,2
4201,pose,2
1771,docker,2
1769,dj,2
5052,significantly,2
5048,sight,2
5603,terminal,2
3427,marxist,2
3406,mansion,2
1783,dolly,2
5596,tend,2
1762,diverse,2
1797,dorm,2
5631,thereof,2
5060,similarly,2
432,attain,2
5059,similar,2
3383,makeup,2
5594,tempt,2
3385,malaysian,2
5628,theory,2
3390,mam,2
1761,dive,2
3441,mat,2
406,asking,2
3393,mammoth,2
1790,donkey,2
1789,dong,2
3396,management,2
3439,master,2
1314,corny,2
1791,donut,2
4270,pretentious,2
1810,dozen,2
297,ancient,2
300,anger,2
4311,productive,2
5768,training,2
828,bury,2
1245,consequence,2
5772,transition,2
1928,elf,2
1921,electricity,2
296,anchor,2
1933,elsewhere,2
3187,layer,2
1935,em,2
836,butchered,2
4966,sexism,2
4972,shade,2
1920,electric,2
1287,conveniently,2
5753,toy,2
5746,tourney,2
1903,eff,2
3227,lesbian,2
823,bureaucracy,2
5750,tower,2
3222,lend,2
827,burrito,2
1919,electorate,2
311,annoyed,2
4974,shag,2
5758,tradition,2
5761,trafficking,2
3210,legacy,2
305,ankle,2
1936,email,2
666,blast,2
4320,prognosis,2
5811,truck,2
3150,labour,2
1957,employee,2
1237,connection,2
1966,enact,2
1967,encounter,2
3136,km,2
269,aloud,2
4321,program,2
1974,endure,2
1977,enforce,2
3125,killing,2
1981,engaging,2
4348,prospect,2
3121,kidnapping,2
1956,employ,2
5802,triumph,2
850,cage,2
1954,empire,2
848,cabinet,2
842,buying,2
280,amazed,2
1946,eminent,2
4330,prominent,2
5793,tribe,2
840,button,2
1940,embarrassing,2
4961,seven,2
3173,latinos,2
5787,treaty,2
5784,treasure,2
4964,sewer,2
5745,tournament,2
320,ant,2
1259,constituency,2
350,appease,2
4262,presentation,2
4263,presidency,2
5007,shiraz,2
1839,drown,2
3309,longer,2
1842,drunken,2
5004,shine,2
340,apologize,2
3302,logically,2
1845,dual,2
344,apparent,2
1850,duke,2
343,apparel,2
342,appalling,2
816,bump,2
355,application,2
4258,prepared,2
1284,controversy,2
813,bullying,2
4254,premise,2
1823,dreadful,2
360,appreciation,2
5013,shocked,2
4251,prejudice,2
5014,shocker,2
5673,tier,2
362,apprenticeship,2
809,bullet,2
3336,loyalty,2
1814,drake,2
807,building,2
5703,toilet,2
5001,shield,2
321,anthem,2
3253,lighten,2
3260,liking,2
1878,ease,2
5726,tortoise,2
1885,eating,2
3255,lightly,2
325,antisocial,2
324,antisemitic,2
4274,preview,2
5731,toss,2
3248,lifelong,2
4292,private,2
1891,economist,2
3242,license,2
4293,privilege,2
4992,sheer,2
1875,earn,2
3264,limited,2
4283,primitive,2
3266,lineup,2
3267,ling,2
1264,consume,2
1868,dye,2
5720,toothpaste,2
1266,contain,2
5717,toot,2
1864,dust,2
331,anywhere,2
3277,listening,2
4279,prick,2
1862,duo,2
5711,tone,2
443,audibly,2
5527,syndrome,2
3470,media,2
596,belly,2
702,bold,2
3799,ny,2
3796,nutrition,2
1570,democrat,2
4010,payment,2
1572,demographic,2
1443,curl,2
1442,curious,2
1441,cure,2
3788,nuke,2
5185,snore,2
5183,sniff,2
5181,sneaky,2
1573,demolition,2
3781,nowadays,2
5331,stake,2
5329,stain,2
5317,squeak,2
5189,snp,2
3822,ocean,2
3821,occur,2
5320,squirm,2
3819,occasion,2
4001,patriotic,2
1559,delicate,2
3816,obtain,2
5322,stab,2
5324,stable,2
3812,observe,2
5191,sober,2
3808,obnoxious,2
3807,oblivious,2
3806,obligation,2
3805,objectionable,2
4019,peel,2
4020,peep,2
581,behalf,2
4023,penalty,2
717,boost,2
5382,strange,2
4047,perpetrator,2
1600,deride,2
3730,neutral,2
3729,network,2
549,bastion,2
3726,ness,2
3722,nepal,2
3720,neighbour,2
1604,descent,2
723,bored,2
1420,crunch,2
3716,negotiation,2
1610,deserved,2
4044,permission,2
554,batting,2
3743,nickname,2
1438,curb,2
5353,steam,2
5177,snatch,2
3769,northern,2
1579,denial,2
5357,stereotype,2
3765,noodle,2
5361,stiff,2
1592,depress,2
3756,nominate,2
706,bond,2
4035,perfection,2
3751,ninja,2
3749,nightmare,2
5370,stoke,2
4000,patriot,2
5314,spy,2
4174,pomegranate,2
5255,spastic,2
3905,ovary,2
686,bloomer,2
3965,pardon,2
634,bin,2
5266,specifically,2
1466,daft,2
5212,som,2
689,blueberry,2
3890,outcome,2
3972,parody,2
5272,speed,2
3886,orthodox,2
5274,spelling,2
5275,spelt,2
3883,original,2
679,blog,2
646,bitchiness,2
1550,deity,2
3957,parade,2
665,blanket,2
1479,danger,2
3944,palestinian,2
1481,dangerously,2
3930,pagan,2
3929,paddle,2
3945,palm,2
3946,pan,2
3926,package,2
3949,panel,2
3921,owner,2
670,bleach,2
672,blend,2
5222,somewhat,2
3956,par,2
5208,solid,2
1461,cynical,2
626,bigot,2
3976,partially,2
614,beta,2
612,bestiality,2
5298,spoil,2
3850,ooh,2
1534,defeat,2
3848,onion,2
5299,spoiler,2
5301,sponsorship,2
5302,spooky,2
3989,passionate,2
3991,password,2
1452,custard,2
605,bengali,2
1451,cuss,2
3995,patch,2
693,bluster,2
1457,cutlet,2
1526,decrease,2
5204,soggy,2
3876,organisation,2
3875,ordinance,2
5283,spider,2
5206,soldier,2
5285,spill,2
3980,particular,2
3866,oppression,2
5200,sociopath,2
1513,debt,2
3864,opposition,2
3863,opposite,2
1515,decay,2
5201,sock,2
1517,decency,2
534,barrel,2
5394,stressful,2
3710,needle,2
492,baddie,2
3576,mo,2
5491,survivor,2
3574,mixed,2
488,backward,2
5494,suspension,2
4118,plague,2
3567,mission,2
5497,suspiciously,2
1384,cricketer,2
485,background,2
3559,misfortune,2
4126,plantation,2
5506,swearing,2
5507,sweat,2
1696,disappear,2
1685,dire,2
5489,surround,2
3708,nee,2
1682,dip,2
5468,superb,2
5469,superior,2
743,bowling,2
3603,monger,2
1397,criticism,2
4106,pis,2
1394,criterion,2
4108,pissed,2
5478,supremacist,2
4110,pistol,2
1677,ding,2
4113,pitcher,2
3588,moderate,2
494,badly,2
3584,mode,2
1699,disappointing,2
3549,minor,2
1379,creepy,2
5512,sweetheart,2
3501,meringue,2
5551,talking,2
5554,tan,2
1733,dishonest,2
3487,memory,2
451,author,2
4165,polish,2
449,austerity,2
3482,melted,2
3481,meltdown,2
5074,singing,2
1338,county,2
5071,sincerely,2
3474,mediocre,2
4173,pollution,2
3506,messy,2
3508,metaphorically,2
458,automatic,2
3119,kidding,2
5513,sweetie,2
5107,sky,2
1703,disbelief,2
5515,swim,2
5105,skull,2
471,aware,2
3525,midway,2
1359,crackling,2
3524,midterm,2
758,brat,2
3517,micro,2
461,available,2
1717,discretionary,2
5540,tailgate,2
5126,sleeping,2
4100,ping,2
4097,pimp,2
5424,sub,2
5408,structure,2
529,barbecue,2
3681,narcissism,2
5410,strut,2
5411,stuck,2
5412,stud,2
5414,studio,2
4068,philosophy,2
1637,devil,2
5417,stunning,2
523,bankruptcy,2
5420,stupidity,2
4070,phony,2
3666,mutual,2
736,bouncer,2
3684,narrative,2
4065,phase,2
530,bare,2
3697,naturally,2
3707,neck,2
729,botch,2
1619,despised,2
5398,strictly,2
1625,destruction,2
1626,destructive,2
1627,detail,2
1632,devastate,2
1628,detect,2
1415,cruel,2
3693,nationality,2
3691,nationalism,2
4063,petrol,2
1631,determine,2
522,bankrupt,2
4072,photographer,2
5461,sunburnt,2
3661,musical,2
3633,motivate,2
3632,motion,2
4089,pier,2
5450,sugary,2
512,band,2
3628,mot,2
5452,suggestion,2
1403,crook,2
3625,mosquito,2
4091,pile,2
4092,pilgrim,2
5133,slick,2
5457,summer,2
3619,moreover,2
5131,slice,2
5448,sugar,2
1404,crooked,2
514,banger,2
521,banking,2
4073,photography,2
5427,submarine,2
1412,crucify,2
3657,murderous,2
1411,crucial,2
1410,crown,2
3648,mug,2
1405,crop,2
1646,dialect,2
5438,successfully,2
5137,slimy,2
4083,pickle,2
742,bowler,2
515,bangladesh,2
3120,kidnap,2
1472,dam,2
5820,truthful,2
2562,gremlin,2
6033,verdict,2
2810,hunting,2
81,68,2
2144,facilitate,2
2143,facial,2
4633,repulsive,2
2566,grin,2
4845,saying,2
6029,ver,2
2818,hypocritical,2
79,65,2
2820,i,2
78,64,2
2333,forcefully,2
2549,grape,2
4850,scandal,2
986,charming,2
76,60,2
6023,veil,2
4753,rogue,2
74,59,2
2133,eyeball,2
6019,veg,2
2343,format,2
924,cast,2
2129,extremism,2
2128,extremely,2
2551,grass,2
2330,forbid,2
2808,hunt,2
1126,collector,2
6209,widespread,2
2773,hotel,2
6198,whittle,2
4523,reconsider,2
2168,fame,2
4522,reconciliation,2
939,cbc,2
2583,guarantee,2
4517,recognition,2
2785,hub,2
2786,hubby,2
2582,gruyere,2
4515,reclaim,2
937,cave,2
2581,grubby,2
1121,collect,2
6048,victorian,2
4627,reprehensible,2
4629,representation,2
4507,recently,2
4506,recent,2
2799,humiliating,2
2327,foolish,2
6040,veto,2
6205,wicked,2
83,6th,2
985,charm,2
6038,vet,2
2836,idol,2
2547,grandson,2
979,chapter,2
4464,rapper,2
2537,gracious,2
4747,robert,2
70,51,2
200,advertise,2
2349,forth,2
4746,rob,2
4647,resettlement,2
5986,used,2
2352,foster,2
2882,impress,2
2099,expectation,2
2098,expectancy,2
1153,commendable,2
2887,inappropriate,2
6225,winger,2
63,48,2
4462,rapidly,2
1156,commission,2
5979,urban,2
4460,rap,2
4459,rant,2
2094,exodus,2
4650,resident,2
2093,exit,2
2521,goody,2
61,46,2
4457,ranger,2
1159,commitment,2
2874,implement,2
2873,impersonate,2
2346,formula,2
4748,robot,2
919,cartel,2
4642,reservation,2
1141,combo,2
186,admire,2
6011,vanity,2
2119,extend,2
2845,illegally,2
6010,vanilla,2
4749,robust,2
6009,vanessa,2
2849,illusion,2
2543,grandchild,2
2542,grand,2
1144,comedian,2
2541,grammar,2
2540,graduate,2
2854,immature,2
4478,rattlesnake,2
915,carpet,2
4475,ration,2
4864,scientist,2
1147,comfort,2
2865,impartiality,2
1149,comical,2
192,adore,2
194,adultery,2
5993,ut,2
160,activist,2
4349,prosper,2
6242,woeful,2
6120,wannabe,2
4574,reign,2
4795,sack,2
4796,sacred,2
4797,sacrifice,2
4607,rename,2
6125,warehouse,2
4567,register,2
2285,flamboyant,2
2236,fiddle,2
2692,hideous,2
959,certify,2
2694,higher,2
129,accidentally,2
4802,safeguard,2
2621,handy,2
6118,wallet,2
131,accomplish,2
4562,regard,2
955,ceremony,2
2704,hill,2
4805,salad,2
2706,hind,2
4559,refund,2
6173,west,2
6110,waiting,2
953,century,2
2710,hindus,2
6175,wet,2
4794,sabotage,2
2243,fighter,2
4576,reissue,2
2629,harassment,2
1082,clipboard,2
2270,firm,2
967,champion,2
6157,website,2
6155,weber,2
4781,ruling,2
4599,remark,2
4786,rural,2
4591,relevant,2
4780,ruler,2
2652,headbutt,2
1078,cliff,2
1088,closed,2
2655,headquarters,2
4585,relative,2
1089,closet,2
2663,hearing,2
4583,relation,2
2665,heartless,2
2250,filth,2
1075,clever,2
116,absorb,2
4579,rejoice,2
2673,heinous,2
101,abandon,2
6170,welfare,2
1092,clout,2
2711,hip,2
4609,renege,2
941,cease,2
2188,fascism,2
6184,wherever,2
150,acorn,2
153,acting,2
2748,hook,2
2749,hooker,2
947,cemetery,2
946,celtic,2
2752,hop,2
2302,flock,2
2200,favor,2
2199,faux,2
155,activate,2
977,chaotic,2
944,celebrity,2
4555,refreshing,2
2186,fart,2
2309,flow,2
2185,farmer,2
6072,virgin,2
943,celebration,2
4528,recovery,2
4620,replay,2
6069,violently,2
4527,recover,2
6192,whisper,2
2310,flower,2
91,87,2
4828,sanity,2
4538,redhead,2
4539,redneck,2
2211,fee,2
6086,vocabulary,2
4774,rubbish,2
6105,wafer,2
2716,historical,2
2617,handful,2
2720,ho,2
2721,hoard,2
2615,hamburger,2
4812,salt,2
2293,flex,2
1105,cocky,2
949,center,2
4612,rep,2
147,achievement,2
95,92,2
148,acid,2
4546,referendum,2
2296,flight,2
2731,hollandaise,2
6093,volume,2
4544,referee,2
2735,hombre,2
6183,wheel,2
2297,fling,2
2607,haired,2
2299,flirt,2
2605,hacker,2
2739,homo,2
2901,incoherent,2
2348,fort,2
2466,gene,2
2988,instruction,2
23,19,2
2458,gc,2
5885,unconscionable,2
4391,punk,2
1034,chuck,2
4390,punjab,2
3024,introduce,2
4389,punishment,2
1205,concert,2
4684,retire,2
6293,yellow,2
2401,ft,2
2403,fucked,2
6294,yemeni,2
2033,essential,2
237,aide,2
1207,conclusion,2
5874,unbeaten,2
2450,gasp,2
5873,unbearable,2
3037,invoke,2
5872,unaware,2
238,aim,2
1209,concrete,2
5868,umpire,2
3043,iranian,2
3045,iron,2
2461,gear,2
5886,unconscious,2
2040,eternity,2
4905,section,2
2992,integrate,2
2993,integration,2
2054,eventually,2
227,aggressive,2
5905,undoubtedly,2
1198,concede,2
4676,resume,2
4904,sectarian,2
5902,understatement,2
6282,xx,2
3000,intend,2
5901,understanding,2
4401,purposely,2
2462,gee,2
4400,purpose,2
888,capacity,2
5895,undermine,2
4908,secure,2
5893,underestimate,2
2398,frustration,2
2904,incompetent,2
6285,yard,2
1011,childish,2
4395,puppet,2
5890,undemocratic,2
4393,punter,2
5866,ultimate,2
3047,irony,2
4918,selective,2
5836,turtle,2
4931,sensibility,2
2438,galactic,2
3089,journey,2
5841,twelve,2
4932,sensible,2
2000,entitle,2
3093,judgement,2
1997,entice,2
3095,judgment,2
1996,entertainment,2
10,11th,2
4934,sensitivity,2
4695,revenue,2
248,alcohol,2
5833,turkish,2
2417,function,2
4696,reverse,2
1031,christian,2
4355,protester,2
3108,ka,2
5826,tuck,2
1226,confront,2
6314,zone,2
3113,ketchup,2
4941,separatist,2
4350,prosperity,2
4930,senseless,2
2005,entrepreneur,2
1211,condemnable,2
5854,typically,2
2023,eradicate,2
2022,era,2
2021,er,2
3056,islamophobia,2
5861,uglier,2
3058,isle,2
4920,selfish,2
2017,equally,2
4375,pudding,2
2015,equal,2
18,16,2
17,150,2
3070,jealous,2
3083,jog,2
872,campsite,2
1014,chimp,2
4714,rider,2
3073,jet,2
2008,environment,2
2007,envelope,2
5847,twit,2
2441,gamble,2
2006,entry,2
1015,chin,2
3081,jock,2
5846,twisted,2
5908,unexpected,2
2273,firstly,2
6261,worse,2
37,27,2
5931,university,2
1185,complex,2
1003,chestnut,2
215,afford,2
2955,initiate,2
2957,injun,2
995,cheek,2
1166,communication,2
39,28th,2
2078,exchange,2
58,400,2
1164,communal,2
4419,questionable,2
36,26,2
2364,fraternity,2
2932,inevitable,2
2086,execute,2
60,45,2
2962,inner,2
1004,chianti,2
5924,unimaginable,2
6272,wrist,2
4892,seam,2
2949,ingrate,2
4424,quietly,2
6264,worst,2
2931,inequality,2
2500,gloat,2
50,35,2
6257,worldwide,2
4663,respective,2
5948,unrelated,2
2501,gloating,2
2928,industry,2
5942,unpleasant,2
2939,influence,2
4736,rival,2
47,31,2
4430,quota,2
1174,compassionate,2
2082,exciting,2
52,37,2
1180,compile,2
5938,unnatural,2
1001,chest,2
5953,unskilled,2
2373,freeze,2
4445,rag,2
4655,resolution,2
911,caribbean,2
4450,rally,2
5921,unicorn,2
5913,unfold,2
4900,secondhand,2
2393,frozen,2
2978,inspiration,2
5967,upcoming,2
4901,secondly,2
4673,restrict,2
2394,fruit,2
5910,unfairly,2
2064,ex,2
2063,ew,2
889,cape,2
207,advocate,2
2092,existence,2
2062,evolve,2
5969,upend,2
2987,institution,2
4453,rampant,2
4451,ram,2
1176,compensation,2
1194,compulsory,2
2972,insightful,2
4447,raid,2
1191,comprehend,2
4741,roam,2
1161,committed,2
4897,seasoning,2
1026,choker,1
1019,chinned,1
676,blink,1
5194,socialism,1
699,boggling,1
698,boggle,1
1021,choc,1
5196,socialite,1
669,blaze,1
5149,slowed,1
4735,rissole,1
973,changer,1
4744,roasted,1
4782,rumour,1
4716,ridiculously,1
5229,sooner,1
726,bosnian,1
731,botheration,1
5197,socialize,1
4737,river,1
5227,sonic,1
4712,riddance,1
696,bobble,1
999,cherry,1
972,changed,1
970,chancer,1
4708,rice,1
732,botox,1
4745,roasting,1
1022,chock,1
4706,ri,1
5147,slovenian,1
4742,roar,1
5231,sore,1
667,blatant,1
5225,sone,1
4776,rudd,1
1000,chess,1
5151,slum,1
4710,richness,1
4726,rightist,1
5154,sm,1
5184,snivel,1
1005,chic,1
981,charade,1
5182,sneeze,1
5205,soil,1
4765,rouble,1
5168,smooth,1
5209,solidarity,1
4757,roof,1
978,chap,1
709,bonnie,1
4729,ringleader,1
4756,romp,1
987,chart,1
4720,rift,1
4727,rightly,1
5170,smuggle,1
692,blushing,1
703,bollock,1
4725,rightfully,1
5179,sneak,1
984,charlatan,1
5176,snarl,1
5180,sneaker,1
4760,rose,1
5207,solicit,1
983,charity,1
4761,roswell,1
5173,smugness,1
5172,smuggling,1
5171,smuggler,1
4724,righteous,1
1010,childhood,1
690,blunt,1
4767,rougher,1
4775,rube,1
4734,risky,1
5158,smartass,1
4718,rife,1
5178,snazzy,1
5217,somehow,1
721,borderline,1
976,chaos,1
5190,soak,1
1002,chester,1
4717,riding,1
700,bogus,1
4773,royally,1
5219,someplace,1
725,borrow,1
677,bliss,1
719,bop,1
684,bloodline,1
5165,smith,1
716,boone,1
711,booing,1
713,bookie,1
4752,rod,1
714,bookworm,1
4719,rifle,1
4769,route,1
4770,routinely,1
4751,rocket,1
5213,somali,1
5186,snot,1
4771,rove,1
5187,snow,1
5214,somalia,1
5202,soda,1
994,checkout,1
5096,skewer,1
4784,runner,1
817,bumper,1
4882,scrim,1
808,bull,1
902,caramelised,1
4884,scroll,1
4885,scrubber,1
4886,scruff,1
4887,scrutiny,1
810,bulletin,1
901,caramelise,1
4889,sd,1
900,caramel,1
898,captive,1
815,bumble,1
5005,shiny,1
804,buffoon,1
897,caption,1
818,bun,1
4894,seaside,1
5002,shielded,1
894,capitulate,1
4896,seasoned,1
893,capitalize,1
891,capitalise,1
5000,shia,1
4999,sherry,1
4998,sherlock,1
4997,shelve,1
4996,shelter,1
805,buggering,1
803,buffalo,1
5046,sideways,1
5037,shutdown,1
4868,scoreboard,1
4869,scorer,1
5045,sideline,1
788,broth,1
5043,sicker,1
791,bruise,1
792,brutal,1
5040,sic,1
913,carpenter,1
793,brutality,1
4871,scot,1
5038,si,1
4872,scottish,1
794,brutalized,1
5021,shopping,1
5035,shrug,1
4873,scouter,1
912,carload,1
797,buck,1
4876,scratch,1
799,buckle,1
801,budgie,1
910,careless,1
5025,shorten,1
5024,shortcoming,1
802,buff,1
908,carefree,1
4880,screening,1
4995,shell,1
4994,shelf,1
4903,secretly,1
851,cahoot,1
875,canadian,1
4925,seminar,1
871,camps,1
4963,severe,1
4962,several,1
4960,setup,1
4959,settlement,1
4958,settled,1
867,campaigner,1
4956,seth,1
844,bypass,1
849,cadet,1
864,cameroun,1
4949,servant,1
4993,sheet,1
4948,sermon,1
861,calorie,1
4936,sentient,1
853,calamity,1
854,calculate,1
857,calf,1
856,calendar,1
855,calculation,1
4939,separating,1
4940,separation,1
4944,serial,1
4943,serf,1
4942,sequence,1
4922,sellout,1
876,canary,1
834,butch,1
832,busting,1
4991,sheep,1
886,canvass,1
4990,shed,1
4989,shave,1
4988,shatter,1
4987,sharpen,1
885,cant,1
884,canoodle,1
4911,seed,1
820,bundle,1
4985,sharing,1
821,bunny,1
822,burden,1
4982,shampoo,1
4981,shamelessly,1
824,burger,1
826,burqa,1
4912,seedy,1
4977,shamble,1
4913,seeing,1
883,cannabis,1
4915,seeker,1
4975,shah,1
4973,shadow,1
882,cane,1
4917,selection,1
4971,shack,1
914,carpentry,1
4866,scope,1
966,champagne,1
5114,slapper,1
745,boxing,1
749,bra,1
5120,slaver,1
4816,saman,1
750,brag,1
5118,slaughter,1
5117,slate,1
4817,sami,1
948,censor,1
4819,sanchez,1
4820,sanction,1
5116,slash,1
5115,slapping,1
751,bragging,1
4815,salvation,1
5112,slander,1
752,braid,1
4823,sandal,1
5110,slagging,1
4824,sander,1
5109,slag,1
5108,sl,1
4826,sandy,1
5106,skunk,1
5104,skittle,1
5103,skirt,1
5102,skip,1
754,brained,1
5123,sle,1
950,central,1
4865,scooter,1
740,bower,1
5146,slot,1
964,chalk,1
963,chair,1
5144,slop,1
4789,rustic,1
4790,rusticate,1
4792,sa,1
4793,saale,1
5142,slob,1
5141,slitting,1
5140,slithered,1
5139,slit,1
961,chaff,1
4799,saddle,1
4811,salsa,1
5134,slide,1
960,cesspool,1
958,certificate,1
5132,sliced,1
5130,slew,1
4807,saliva,1
952,centrism,1
5129,slender,1
5128,sleeve,1
5127,sleepy,1
4809,salmonella,1
5125,sleeper,1
4810,saloon,1
5100,skinned,1
5098,skilled,1
756,branch,1
4855,scathing,1
4847,scab,1
930,catching,1
4849,scan,1
5069,sin,1
5068,simultaneously,1
5067,simulation,1
776,briefly,1
777,brigade,1
5064,simplify,1
4851,scar,1
926,casual,1
5063,simplicity,1
5062,simplest,1
781,bringing,1
5095,skater,1
783,britisher,1
5056,silliness,1
784,broad,1
921,cartoon,1
920,carton,1
785,broadcast,1
5053,sikh,1
5051,signaling,1
5050,signage,1
4859,scheduled,1
4860,scholar,1
786,broke,1
918,carrying,1
5070,sincere,1
4846,sb,1
775,bride,1
773,bribe,1
5094,skanky,1
940,ce,1
5093,skank,1
5092,sizzle,1
4831,sassed,1
5089,sixteen,1
4833,satire,1
760,bravely,1
938,caveman,1
4835,saucepan,1
761,bravery,1
762,brazenly,1
935,caucasoid,1
764,breadcrumb,1
934,caucasian,1
932,cattle,1
4840,saver,1
5082,sis,1
5081,siren,1
4841,saving,1
769,breastfeeding,1
5079,sip,1
5078,sinning,1
4842,savoury,1
4843,saw,1
5076,sinister,1
772,breeder,1
837,butchery,1
5500,swamp,1
5235,sorted,1
5966,upbringing,1
5957,unsuccessful,1
5958,unsung,1
5959,untalented,1
5960,unthoughtful,1
5961,untrustworthy,1
209,aesthetic,1
208,aeroplane,1
5964,unveil,1
5965,unwashed,1
5970,upgrade,1
5955,unsportsmanlike,1
5971,upheld,1
5972,uphold,1
5973,upper,1
5974,upright,1
206,advisor,1
205,adviser,1
204,advise,1
5980,urdu,1
5981,urethra,1
5956,unstable,1
5954,unsociable,1
5983,usable,1
5939,unnaturally,1
5926,unionist,1
5927,unique,1
214,affection,1
5932,unkind,1
5933,unknown,1
5934,unleash,1
5935,unlikable,1
211,affable,1
5937,unlikely,1
5940,unoriginal,1
5952,unsharpened,1
5941,unorthodox,1
5943,unpopular,1
5944,unprincipled,1
5945,unprotected,1
5946,unqualified,1
210,afar,1
5949,unrestricted,1
5950,unsafe,1
5951,unsanitary,1
202,advertising,1
5984,usage,1
6049,victorious,1
6032,verbally,1
182,adjust,1
6022,vehemently,1
6024,veiled,1
6025,venom,1
6026,vent,1
6027,venture,1
181,adjudge,1
6030,veracity,1
6031,verbal,1
6034,vernacular,1
6018,vast,1
6035,verse,1
6037,vest,1
179,adequately,1
178,adequate,1
6042,vibrant,1
176,adelaide,1
175,addressed,1
6045,viciously,1
173,additional,1
184,administrative,1
6017,vassal,1
201,advertiser,1
6001,vagina,1
199,advert,1
198,adverse,1
5990,usher,1
5991,usual,1
196,advanced,1
191,adorable,1
5997,vacate,1
5998,vacation,1
6000,vacuum,1
6002,vague,1
6016,varnish,1
189,adolescent,1
6004,validate,1
6005,valor,1
6006,valuable,1
188,admonish,1
6008,vandalism,1
6013,variation,1
185,administrator,1
6015,various,1
219,afternoon,1
5923,unilateral,1
5922,unification,1
5831,tunnel,1
261,allegiance,1
5822,trying,1
259,alleged,1
5824,tsunami,1
5825,tube,1
5827,tum,1
5828,tumble,1
5829,tuna,1
258,allege,1
255,alignment,1
5817,trusted,1
5835,turning,1
254,align,1
253,alienate,1
251,alias,1
5840,tweeter,1
250,alfred,1
249,alert,1
5844,twin,1
245,ajax,1
5818,trusty,1
5815,trunk,1
220,afterwards,1
5798,trillion,1
5786,treatment,1
5788,tree,1
5789,tremble,1
289,americanize,1
287,amendment,1
284,ambush,1
283,ambitious,1
282,ambassador,1
5797,trill,1
279,amaze,1
268,alongside,1
5800,tripe,1
277,altogether,1
5803,troglodyte,1
275,alternate,1
5805,trolley,1
5806,trolling,1
5807,troop,1
270,alpha,1
5810,trout,1
244,aisle,1
5852,typed,1
243,airy,1
228,agitate,1
5891,underage,1
5892,underbelly,1
5894,underline,1
5896,underneath,1
5897,underperforming,1
5898,underrate,1
5899,underrated,1
233,agriculture,1
229,agitation,1
5907,unequal,1
242,airline,1
226,aggression,1
5911,unfeeling,1
5912,unfettered,1
5914,unforgettable,1
225,aggregator,1
222,aged,1
5917,unfriendly,1
5918,ungrateful,1
5919,unhinged,1
5889,uncooked,1
5888,uncontrolled,1
5887,unconstructive,1
5884,unconditionally,1
5856,tyrannical,1
5857,tyranny,1
5858,tyrant,1
241,airhead,1
5860,uganda,1
5862,ugliness,1
5864,ukrainian,1
5865,ukranian,1
5867,ultimately,1
5869,umpiring,1
5870,unable,1
5875,unbecoming,1
5877,unbelievably,1
5878,unblock,1
5879,unborn,1
5880,unbridled,1
235,ai,1
5882,unclean,1
5883,uncompromising,1
6047,victoria,1
172,addition,1
664,blank,1
72,57,1
80,67,1
77,62,1
6217,wilt,1
6218,wimp,1
6220,wince,1
6222,window,1
6223,wine,1
73,58,1
6226,wink,1
6228,winning,1
6210,width,1
71,52,1
6231,wire,1
6232,wisdom,1
69,50s,1
64,49,1
6237,witchcraft,1
6238,wither,1
6241,wobble,1
6243,wold,1
6212,wig,1
82,69,1
6246,womb,1
6190,whisk,1
97,95,1
6179,whale,1
96,93,1
6181,whatsoever,1
6185,whey,1
6186,whine,1
6187,whining,1
6188,whiny,1
92,8th,1
6191,whiskey,1
86,72,1
6193,whistle,1
6195,white_man,1
6196,whiten,1
6197,whitewash,1
90,82,1
6200,wholeheartedly,1
87,75,1
6202,whooping,1
6203,whopping,1
6244,wolf,1
59,41,1
171,addiction,1
6303,younger,1
6290,yearly,1
6291,yeast,1
22,180,1
20,17th,1
6296,yesssss,1
6299,yield,1
6300,yoke,1
6301,yolk,1
15,14th,1
12,120,1
6287,yawn,1
6305,youthful,1
9,110,1
7,10th,1
6309,z,1
6310,zealot,1
6,105,1
6312,zing,1
5,10000,1
6315,zoo,1
24,19th,1
6286,yarn,1
54,3d,1
40,29th,1
6250,wooden,1
53,38,1
6252,wording,1
51,36,1
6255,working,1
49,33,1
6260,worrying,1
46,30th,1
42,2s,1
6266,worthless,1
6284,yank,1
6271,wretchedness,1
35,25th,1
6275,writing,1
6277,wrongdoer,1
6278,wrongly,1
6279,www,1
30,21st,1
6281,xenophobia,1
6283,yahoo,1
6177,wetter,1
98,97,1
6172,wesley,1
144,accustom,1
6085,vivid,1
6087,vocal,1
6088,vociferous,1
6089,vodka,1
149,acknowledge,1
6091,volatile,1
6092,volition,1
6094,volunteer,1
145,ace,1
143,accuser,1
6083,vital,1
140,accurately,1
6101,vulnerable,1
139,accurate,1
6103,wa,1
6104,waddle,1
138,accounting,1
6107,wager,1
137,accountable,1
136,accountability,1
6084,vitamin,1
6080,visibly,1
100,9th,1
161,activity,1
6052,vie,1
6053,vietnam,1
168,adapt,1
166,acute,1
6056,viewing,1
6057,viewpoint,1
6058,vigorously,1
6060,vilify,1
6062,villain,1
6065,violation,1
6079,visible,1
6066,violative,1
159,activism,1
6070,vip,1
156,activation,1
6073,virginity,1
6074,virtual,1
6075,virtually,1
6076,virtue,1
6077,virulent,1
6111,waitress,1
134,accost,1
6113,waking,1
6158,wedding,1
6147,weaken,1
6148,weakness,1
6149,wealth,1
110,aboriginal,1
6151,wean,1
6152,weapon,1
109,abnormal,1
106,abide,1
6156,webs,1
6159,wee,1
6114,wale,1
105,abet,1
104,aberdeen,1
103,abduct,1
6163,weepy,1
6164,weigh,1
6165,weight,1
102,abdicate,1
6167,weirdness,1
6169,welcoming,1
6145,wayne,1
112,abroad,1
6143,wavelength,1
113,absence,1
6116,walking,1
130,accommodate,1
127,accessible,1
6123,ward,1
6124,wardrobe,1
6126,warfare,1
123,academic,1
6128,warming,1
122,ac,1
6130,warner,1
6131,warrant,1
119,abundance,1
6134,washing,1
118,absurdly,1
6136,wasteful,1
117,abstract,1
6138,watching,1
6140,watercress,1
6141,watery,1
290,ammunition,1
5783,treason,1
5782,trawl,1
5422,stutter,1
5403,strip,1
5404,strive,1
5406,stronghold,1
5407,strongly,1
528,barbaric,1
526,bantu,1
524,banner,1
5418,stunt,1
5421,stupidly,1
5425,subject,1
5401,striking,1
5426,subliminal,1
5428,submit,1
5429,subscribe,1
5430,subscriber,1
5431,subsidize,1
5432,substance,1
5433,substitute,1
5434,subtle,1
520,banker,1
5402,stringent,1
532,bargain,1
517,banish,1
550,bat,1
557,bc,1
5373,stooge,1
5374,stoop,1
556,battlefield,1
5376,storage,1
553,batter,1
552,batsman,1
551,bath,1
5381,strand,1
547,bass,1
5399,strife,1
546,bask,1
544,basing,1
5389,streaming,1
540,baseless,1
537,bartender,1
536,barrister,1
533,barge,1
5396,stricken,1
5397,strict,1
518,banishment,1
5441,sucks,1
292,amuse,1
486,backing,1
5480,suprematist,1
5481,supremely,1
497,baffled,1
496,baffle,1
495,badmouth,1
493,badge,1
5487,surreal,1
5488,surrender,1
5495,suspicion,1
5498,swag,1
5477,suppression,1
4703,revolutionary,1
484,backdoor,1
5502,swap,1
5503,swarm,1
5504,swat,1
483,backbone,1
5508,sweden,1
481,bachelor,1
477,awhile,1
499,baguette,1
5476,suppress,1
5442,sudanese,1
5459,summon,1
516,bangladeshi,1
5445,sue,1
5447,suffering,1
5449,sugarcane,1
509,bamboozle,1
508,bam,1
5455,suited,1
5456,sum,1
5458,summit,1
5460,sun,1
503,baking,1
5462,sunken,1
5463,sunrise,1
5464,sunscreen,1
5465,sunset,1
5466,sup,1
507,ballet,1
5470,superiority,1
5471,supervisor,1
505,baldy,1
558,beach,1
559,beak,1
5368,stirring,1
625,bigamist,1
5264,specialty,1
5267,spectacular,1
5268,spectacularly,1
5269,spectate,1
5270,speculation,1
629,bikini,1
628,bike,1
5277,spending,1
5278,sperry,1
622,bicycle,1
5261,speaking,1
5284,spike,1
621,bible,1
5287,spinach,1
5288,spindle,1
5289,spinner,1
620,biased,1
5291,spirited,1
619,bias,1
5293,spiritually,1
5262,spec,1
636,bingo,1
5366,stipulate,1
5246,spa,1
5237,soulless,1
661,blake,1
658,blackmail,1
657,blackface,1
5241,source,1
5242,sourdough,1
656,blackboard,1
5244,sow,1
654,blabbering,1
653,blabber,1
637,biotic,1
5248,spacious,1
5249,spam,1
652,biz,1
651,bitterness,1
5252,spar,1
5254,sparrow,1
643,bismarck,1
5257,spatula,1
642,bishop,1
617,beware,1
615,betoken,1
609,berry,1
573,bee,1
591,believably,1
589,bel,1
588,behoove,1
5343,stateless,1
587,behold,1
5346,statistic,1
5347,stature,1
577,befriend,1
5350,std,1
5354,steep,1
608,bereave,1
5355,stem,1
572,bedroom,1
5358,sterilization,1
567,beating,1
566,beater,1
5362,stiletto,1
564,bearded,1
5364,stink,1
563,beard,1
5339,stark,1
5338,stare,1
593,believer,1
595,bellow,1
607,bent,1
606,benghazi,1
602,beneficiary,1
5311,spring,1
5312,spur,1
5313,spurn,1
600,benchmark,1
5316,square,1
5318,squeal,1
5319,squint,1
5321,srs,1
5323,stabbing,1
5325,stack,1
5326,stadium,1
5327,staff,1
598,belt,1
5332,stale,1
5333,stamp,1
5334,stance,1
476,awfully,1
5514,swift,1
5516,swine,1
352,appetite,1
358,appointee,1
5679,timer,1
5680,timid,1
357,appoint,1
5682,tinder,1
5683,tingle,1
5684,tinpot,1
353,applaud,1
5687,tire,1
5689,tirelessly,1
5675,tighten,1
5690,tiresome,1
5691,tissue,1
5693,titanic,1
5695,titty,1
349,appearance,1
347,appealing,1
5701,toenail,1
5705,tolerant,1
339,apologist,1
5676,tightly,1
361,apprentice,1
381,armys,1
5658,thrive,1
5648,thoughtful,1
373,argentina,1
372,arena,1
370,ardent,1
5653,threatening,1
369,archer,1
5655,thrift,1
5656,thrill,1
5657,thrilled,1
368,arabic,1
5671,tide,1
364,approval,1
5662,throwback,1
5663,thrush,1
5664,thug,1
5665,thumb,1
5666,thump,1
5667,thunderous,1
5668,thwart,1
5669,tick,1
5707,toll,1
337,apologetic,1
336,apocalypse,1
302,anguish,1
5747,tout,1
5748,tow,1
5749,towel,1
315,anonymous,1
314,annum,1
313,annual,1
5755,traction,1
5757,trader,1
306,annihilate,1
299,angel,1
335,ape,1
5767,trainer,1
298,android,1
5770,tranquil,1
5771,transfer,1
5775,transport,1
295,ancestor,1
293,amusing,1
5779,trauma,1
5780,traumatize,1
5744,tourist,1
5743,tourism,1
316,anorexic,1
318,ans,1
334,apathy,1
5714,tonne,1
5715,tonsil,1
327,anxious,1
5719,toothed,1
5721,toothpick,1
326,anxiety,1
5723,torch,1
5724,torrential,1
5725,tortilla,1
5728,torturer,1
5729,torturous,1
5732,tosser,1
5733,tostadas,1
5734,tot,1
323,antic,1
5736,totalitarianism,1
5738,tote,1
5740,touchdown,1
379,armour,1
384,arresting,1
472,awareness,1
448,aussie,1
454,autism,1
452,authoritarian,1
5553,tampon,1
5555,tandoor,1
5556,tangent,1
5557,tangle,1
5558,tango,1
5560,tape,1
5562,tariff,1
5564,task,1
5547,talented,1
447,aunty,1
5566,tasteless,1
5567,tasting,1
5568,tasty,1
5569,tattoo,1
446,augmentation,1
445,audits,1
442,audacity,1
5575,teaching,1
5548,talentless,1
457,autocratic,1
385,arrival,1
5529,synonym,1
5519,symbol,1
5520,symbolize,1
5521,symbolizing,1
5522,sympathize,1
470,award,1
5524,sympathy,1
5525,symptom,1
469,awake,1
5528,synergistic,1
466,avocation,1
5545,tala,1
465,avert,1
464,aversion,1
5534,tack,1
5535,tacky,1
462,avatar,1
5537,tad,1
460,autopsy,1
5541,tailspin,1
5544,takin,1
441,au,1
5577,teammate,1
440,attrition,1
404,aside,1
5615,texan,1
5618,thai,1
411,assemble,1
408,aspire,1
407,asleep,1
5622,thanksgiving,1
5623,theatre,1
5624,theft,1
5626,themed,1
5629,therapy,1
5579,tec,1
400,asexual,1
399,ascender,1
395,artichoke,1
393,arsenal,1
5638,thinker,1
388,arriver,1
5640,thinly,1
387,arrived,1
5642,thirdly,1
5613,testimony,1
5612,tester,1
416,assignment,1
5607,terribly,1
5580,tech,1
5582,technique,1
5584,tee,1
5585,teen,1
5586,teenage,1
5587,televise,1
431,attacker,1
5590,telly,1
5591,temp,1
427,atmosphere,1
5593,temporary,1
426,atheist,1
425,atheism,1
5598,tension,1
423,assure,1
5600,tenure,1
5601,tequila,1
5604,terminology,1
5605,termite,1
1029,chore,1
2423,funeral,1
1030,chose,1
3188,layup,1
1938,embarrass,1
3176,laughable,1
3177,laughing,1
3178,laughter,1
1937,emasculate,1
3180,launcher,1
3181,laundry,1
3183,lawmaker,1
3184,lawsuit,1
1934,elucidate,1
3190,le,1
3133,kit,1
1930,eliminated,1
1924,elegance,1
3195,leaked,1
3196,lean,1
3197,lear,1
1923,electronic,1
3199,lease,1
3200,leash,1
1922,electrocute,1
3202,leather,1
3174,latter,1
3172,latin,1
1941,embarrassingly,1
3168,lastly,1
3135,kite,1
3137,knee,1
3138,knew,1
1971,endanger,1
3142,knockout,1
1965,enable,1
1963,emulate,1
3146,kys,1
1958,employer,1
3152,lacking,1
1955,empirical,1
3155,lag,1
1953,emphatically,1
1952,emphasis,1
1948,emoticon,1
3159,lambast,1
1947,emote,1
3162,lane,1
3164,lap,1
3165,lard,1
1944,emerge,1
3203,leathery,1
1915,elaborate,1
1914,ejaculate,1
3240,liberty,1
1890,economically,1
3245,lied,1
1889,economical,1
3247,lifeline,1
3249,lifestyle,1
3250,lifetime,1
1887,eclipse,1
1886,echo,1
3254,lighter,1
1880,east,1
3259,likewise,1
3261,limb,1
1876,earnest,1
1871,dystopian,1
3268,lining,1
1867,dwell,1
3272,liquid,1
3273,liss,1
1865,dutch,1
3276,listener,1
3278,lit,1
1893,ed,1
3238,liar,1
1912,eight,1
3237,li,1
3212,legalize,1
1911,egotistic,1
1910,egotist,1
3215,legislation,1
3216,legislator,1
3217,legitimacy,1
3218,legitimately,1
1909,egoistic,1
3221,lemonade,1
3223,length,1
3224,lennon,1
3225,leotard,1
3226,leprechaun,1
1902,educational,1
1899,editor,1
3231,letdown,1
1898,edition,1
3233,lettuce,1
1895,edgy,1
3235,leverage,1
3236,lewd,1
1972,endless,1
1973,endorse,1
1863,duration,1
2034,essentially,1
2043,etonian,1
3020,intimidate,1
3021,intolerance,1
2039,estonian,1
3023,intro,1
3025,intruder,1
2038,estimation,1
2036,esteemed,1
2035,esteem,1
3030,inventor,1
2031,escaped,1
3129,kindergarten,1
3034,investor,1
3035,invitation,1
2029,es,1
2028,error,1
3039,involvement,1
3040,io,1
3041,ion,1
2027,eritreans,1
2026,eritrean,1
3046,ironically,1
3015,internally,1
3014,internal,1
3013,interim,1
3012,interestingly,1
2977,inspector,1
2980,install,1
2981,instance,1
2985,instigate,1
2989,insubordinate,1
2061,evolution,1
2995,intellect,1
2050,eve,1
2997,intellectually,1
2049,evaluation,1
2999,intelligent,1
2048,evade,1
3002,intensely,1
3003,intensify,1
3004,intensive,1
3005,intent,1
2047,euthanasia,1
3007,interact,1
3008,interactive,1
2045,euro,1
3010,interested,1
3048,irrelevant,1
3050,irrigation,1
2024,eraser,1
1995,entertain,1
3100,juncture,1
3101,jungle,1
1992,enslavement,1
1991,enslave,1
1990,enrolment,1
3105,justify,1
3106,justly,1
1989,enrage,1
3109,kaffir,1
3110,kant,1
3111,karma,1
1988,enquiry,1
1986,enlist,1
3115,keyboard,1
1985,enlighten,1
3117,kicked,1
1984,enjoyable,1
3122,kidney,1
1980,engagement,1
3126,kilometre,1
1979,engage,1
3099,jumped,1
3097,juicy,1
2019,equip,1
2001,entitled,1
2018,equate,1
3059,iss,1
3062,iteration,1
2014,epitome,1
3065,jain,1
2012,epiphany,1
2010,environmentally,1
2009,environmental,1
3069,jaw,1
3071,jerk,1
3072,jersey,1
3074,jeweller,1
3077,jibe,1
3078,jihadi,1
3079,jingoistic,1
3082,jockey,1
3085,joint,1
2003,entrance,1
3087,joker,1
2002,entity,1
3090,joust,1
3279,literacy,1
3282,literary,1
1700,disapprove,1
3467,meaty,1
1754,distinction,1
1753,distant,1
3458,meanie,1
1751,dissolve,1
3460,meaningless,1
1750,disservice,1
3462,meany,1
3464,measurement,1
1746,disregard,1
1744,displeasure,1
3468,medal,1
3413,marathon,1
3469,meddle,1
3471,mediate,1
1743,displease,1
3473,medication,1
1742,displacement,1
3476,medusa,1
1741,dispel,1
1740,disparage,1
3479,melbourne,1
1739,disown,1
3453,mayo,1
1755,distinguish,1
1756,distinguished,1
3450,maximise,1
3416,marche,1
3418,margin,1
1773,doctorate,1
1767,divisive,1
1765,diverting,1
3425,marrying,1
3426,martyr,1
3428,mary,1
3429,mascarpone,1
3430,mascot,1
3431,masculinity,1
1764,divert,1
3433,masjid,1
3437,masse,1
3440,mastermind,1
1760,ditch,1
1759,disturb,1
1757,distraught,1
3447,mattress,1
3448,mature,1
3449,max,1
3483,melting,1
1738,disneyland,1
3485,membership,1
1714,discount,1
3523,midland,1
1713,discord,1
3527,mighty,1
1712,discontent,1
3529,migrate,1
1711,disclose,1
1710,discipline,1
3532,militant,1
1709,disciple,1
3534,militia,1
1708,discernible,1
3536,milkshake,1
3537,mill,1
1707,discard,1
1706,disc,1
1705,disbeliever,1
3541,minded,1
3542,minding,1
1704,disbelieve,1
3545,mini,1
1702,disastrous,1
3522,midget,1
3520,midday,1
1737,dismiss,1
3518,microwave,1
3488,mend,1
3489,menstruation,1
1735,disingenuous,1
1734,dishwater,1
1732,dishevel,1
3494,mentor,1
1731,dishearten,1
3496,mercenary,1
3497,merciful,1
3498,mercilessly,1
3499,mere,1
3500,merely,1
1722,disdain,1
3505,messaging,1
3507,metal,1
3509,meteoric,1
3510,meter,1
3512,methodology,1
3513,metric,1
3515,mf,1
1716,discredit,1
3414,marble,1
1778,dodgy,1
3283,literature,1
3329,lousy,1
3318,lord,1
1834,drone,1
1833,driving,1
3321,losing,1
1830,drip,1
3323,lost,1
1827,dressed,1
3325,lottery,1
3327,loudly,1
3328,loudmouth,1
1821,drawing,1
3410,maoist,1
1820,drawer,1
1818,drape,1
3333,lowes,1
1817,dramatically,1
3335,loyal,1
3338,luckily,1
1812,dragon,1
3340,ludicrous,1
3341,luggage,1
3342,lump,1
3316,loophole,1
3315,loop,1
3314,loom,1
1837,drought,1
3284,litigate,1
3285,litter,1
1861,dunk,1
3287,livable,1
1860,dungeon,1
1859,dumpy,1
3291,lloyd,1
1856,dummy,1
3293,loan,1
3294,lobby,1
1853,duly,1
1851,dulcet,1
1847,ducking,1
3299,loft,1
3303,logistic,1
3304,logjam,1
3305,loiter,1
3306,lolly,1
1844,ds,1
3310,longing,1
1838,drove,1
3343,lunatic,1
3345,lure,1
3346,lush,1
3374,maim,1
3377,mainstream,1
3378,maintain,1
3379,major,1
1796,doppelganger,1
1794,doorstep,1
3387,malicious,1
3388,malik,1
3389,malnourish,1
3391,mama,1
3392,mamma,1
1788,donation,1
3398,manchester,1
1786,dominate,1
3400,maniac,1
3401,manifesto,1
1784,domain,1
3403,manipulation,1
3404,mankind,1
3407,manufacture,1
1781,dogshit,1
1779,doe,1
3376,mainly,1
1799,dot,1
3347,lust,1
3372,maiden,1
3348,luxury,1
1807,downhill,1
1806,downfall,1
1805,dove,1
3353,m2,1
3354,mace,1
3356,machiavellian,1
3357,machination,1
1804,dough,1
3359,macho,1
3360,mackem,1
3361,mackerel,1
1803,douche,1
3363,madam,1
3364,madden,1
3365,made,1
3367,madwoman,1
3368,mag,1
1802,doubtful,1
3370,magic,1
3371,maid,1
2976,inspect,1
2068,examination,1
2974,insinuate,1
2292,flesh,1
2597,gunny,1
2308,floss,1
2599,gutsy,1
2304,flogs,1
2301,floating,1
2300,flirting,1
2609,haiti,1
2295,flicked,1
2294,flick,1
2613,halt,1
2290,flawed,1
2334,forehead,1
2619,handling,1
2620,handmade,1
2623,hangover,1
2288,flathead,1
2625,happily,1
2283,flabbergast,1
2282,flab,1
2630,harbinger,1
2631,harbor,1
2632,harbour,1
2595,gumption,1
2594,gulag,1
2593,gujarati,1
2592,guitar,1
2564,grill,1
2565,grimy,1
2567,grind,1
2332,forceful,1
2570,grocery,1
2571,groom,1
2572,grooming,1
2573,grope,1
2329,footballer,1
2575,grotty,1
2323,foment,1
2319,fold,1
2318,foghorn,1
2317,focused,1
2584,guaranteed,1
2314,flute,1
2313,flush,1
2312,fluorescent,1
2311,flunky,1
2589,guideline,1
2590,guilt,1
2279,fitting,1
2277,fist,1
2276,fisherman,1
2669,heaven,1
2672,height,1
2674,held,1
2248,filling,1
2244,fighting,1
2679,helper,1
2680,helpful,1
2681,hen,1
2241,fifth,1
2240,fifteen,1
2684,hereby,1
2685,heritage,1
2239,fiercely,1
2687,heroine,1
2688,hesitate,1
2689,heterosexual,1
2237,fiefdom,1
2235,fiction,1
2234,fever,1
2696,highness,1
2697,highway,1
2698,hijab,1
2671,hedonist,1
2668,heath,1
2636,harmful,1
2667,heated,1
2637,harmless,1
2638,harness,1
2275,fisher,1
2640,harvest,1
2271,firmly,1
2269,firebomb,1
2268,fireball,1
2266,fir,1
2647,hating,1
2265,finnic,1
2649,haunt,1
2650,hazard,1
2264,fink,1
2263,finished,1
2654,headphone,1
2656,headscarf,1
2657,heal,1
2261,fingernail,1
2257,financier,1
2661,heap,1
2253,finale,1
2563,grief,1
2559,greedy,1
2973,insignificant,1
2472,genetical,1
2400,fryer,1
2459,gd,1
2460,gdp,1
2463,gem,1
2464,gemma,1
2465,gender,1
2468,generalization,1
2397,frustrating,1
2396,fruitful,1
2471,generous,1
2395,fruitcake,1
2558,greece,1
2475,gentle,1
2392,frown,1
2391,frosty,1
2479,geographical,1
2390,frost,1
2481,gesture,1
2387,frizzy,1
2483,ghanese,1
2484,ghost,1
2485,giant,1
2456,gave,1
2455,gator,1
2454,gathered,1
2451,gastric,1
2422,fundraise,1
2426,furlong,1
2427,furore,1
2420,fundamentally,1
2429,fuse,1
2430,futility,1
2418,functional,1
2415,fuming,1
2414,fume,1
2413,fumble,1
2436,gaining,1
2437,gal,1
2439,gallery,1
2440,galley,1
2411,fullback,1
2409,fugitive,1
2408,fug,1
2445,garb,1
2407,fuel,1
2447,garden,1
2448,garlic,1
2486,gift,1
2487,gig,1
2488,gigantic,1
2360,fragile,1
2520,goodness,1
2522,google,1
2357,fowl,1
2525,goose,1
2526,gorge,1
2529,gouge,1
2530,govern,1
2531,governance,1
2350,fortunately,1
2347,formulate,1
2536,graceful,1
2539,gradually,1
2544,granddaughter,1
2545,grandma,1
2546,grandpa,1
2345,formerly,1
2550,graphic,1
2553,grave,1
2554,graveyard,1
2555,greaseball,1
2556,greasy,1
2358,fps,1
2517,goner,1
2489,gimp,1
2361,frail,1
2385,fringe,1
2491,girdle,1
2384,frightening,1
2383,frighten,1
2380,fridge,1
2496,glamorous,1
2379,friday,1
2498,glee,1
2499,glimpse,1
2377,frequent,1
2503,globally,1
2375,freezing,1
2505,gluttonous,1
2374,freezer,1
2371,freeloader,1
2367,fraulein,1
2366,fraudulently,1
2512,goddess,1
2513,godforsaken,1
2514,godless,1
2363,frat,1
2699,hijack,1
2700,hijacking,1
2701,hike,1
2892,incest,1
2104,experiment,1
2103,experienced,1
2880,impose,1
2100,expense,1
2885,impressive,1
2096,expat,1
2888,inaugural,1
2889,incarnate,1
2890,incense,1
2891,incessant,1
2893,inch,1
2233,fetish,1
2895,incisor,1
2897,incline,1
2899,inclusion,1
2900,inclusive,1
2902,income,1
2903,incompatible,1
2905,incorrect,1
2906,incorrectly,1
2090,exile,1
2089,exhaust,1
2876,implore,1
2875,implementation,1
2872,imperialist,1
2871,impending,1
2122,external,1
2842,ignoring,1
2121,exterminate,1
2846,illicit,1
2115,exporter,1
2850,illustrious,1
2114,export,1
2852,imaginary,1
2113,expo,1
2112,explosion,1
2858,immigrate,1
2109,expletive,1
2860,immorality,1
2861,immune,1
2107,expiry,1
2863,imo,1
2106,expire,1
2866,impasse,1
2867,impatient,1
2869,impeachment,1
2870,impend,1
2910,indefinite,1
2911,independence,1
2088,exercise,1
2943,informal,1
2945,informed,1
2946,infrastructure,1
2947,infuriate,1
2948,ingenious,1
2079,excised,1
2951,inhuman,1
2952,inhumane,1
2953,initial,1
2954,initially,1
2956,initiative,1
2958,injunction,1
2960,injury,1
2077,excessively,1
2963,inning,1
2076,excess,1
2965,inroad,1
2075,exceptionally,1
2968,insensitive,1
2969,insensitivity,1
2071,excel,1
2070,exasperate,1
2080,excite,1
2083,exclude,1
2913,india,1
2940,influx,1
2087,executive,1
2915,indicate,1
2916,indicative,1
2917,indie,1
2919,indirectly,1
2085,exec,1
2921,individually,1
2922,indoor,1
2923,induce,1
2924,indulge,1
2925,indulgence,1
2926,indulgent,1
2927,industrial,1
2929,inefficient,1
2930,inept,1
2933,infect,1
2934,inferior,1
2935,infest,1
2936,infiltrator,1
2937,inflate,1
2938,inflection,1
2124,extraordinarily,1
2838,ig,1
2837,idolize,1
2219,felicitate,1
2217,feet,1
2214,feeder,1
2741,homosexual,1
2210,federalise,1
2744,honey,1
2745,honeymoon,1
2207,feather,1
2206,feast,1
2204,fawn,1
2751,hoot,1
2197,fatty,1
2194,fatal,1
2757,horny,1
2191,fashioned,1
2187,farther,1
2762,horrified,1
2183,fare,1
2182,farce,1
2180,fantasy,1
2179,fantastically,1
2768,hostile,1
2737,homegirl,1
2221,felon,1
2177,fantabulous,1
2733,hollow,1
2703,hilariously,1
2705,hillbilly,1
2707,hinder,1
2232,festering,1
2709,hinduism,1
2712,hippopotamus,1
2231,ferocity,1
2230,ferment,1
2229,feral,1
2227,feminized,1
2719,hitter,1
2722,hoax,1
2723,hobby,1
2724,hockey,1
2226,feminization,1
2224,feminism,1
2727,holder,1
2728,holding,1
2223,femininity,1
2730,holiday,1
2732,holler,1
2769,hostility,1
2175,fanciful,1
2126,extravagantly,1
2149,faddist,1
2148,factual,1
2804,hump,1
2146,facility,1
2806,hunger,1
2145,facilitator,1
2809,hunter,1
2811,hurl,1
2142,faceless,1
2815,hygiene,1
2139,fable,1
2819,hysterical,1
2138,fab,1
2823,iceberg,1
2135,eyed,1
2825,iconic,1
2826,iconoclast,1
2134,eyebrow,1
2828,ideal,1
2829,idealistic,1
2131,exude,1
2832,ideological,1
2802,humor,1
2800,humiliation,1
2772,hotdog,1
2151,fag,1
2171,famine,1
2169,familiar,1
2777,household,1
2167,falsify,1
2779,housework,1
2780,housing,1
2166,falsie,1
2782,howl,1
2783,hr,1
2164,fallen,1
2787,huff,1
2788,hug,1
2161,faithful,1
2790,hulk,1
2791,hum,1
2159,fairy,1
2793,humanitarian,1
2158,fairness,1
2795,humanoid,1
2153,fagot,1
2797,humbly,1
3547,mining,1
3551,minuet,1
4701,revoke,1
1244,consensus,1
4302,proceeding,1
1252,consistency,1
4304,proclaim,1
4305,proclamation,1
4306,procrastinating,1
4307,produce,1
1251,considering,1
1250,considerate,1
4312,productivity,1
1246,conservation,1
4316,profiling,1
1279,contract,1
4317,profit,1
4318,profound,1
4319,profoundly,1
4322,programme,1
1243,consecutive,1
4324,progression,1
1242,conscription,1
4326,prohibition,1
1241,conscious,1
4328,projection,1
4301,proceed,1
1253,consistent,1
1254,consistently,1
4298,probe,1
1277,continued,1
4268,presumably,1
1275,continually,1
1274,continent,1
4272,pretzel,1
1270,contender,1
1269,contemporary,1
4276,previously,1
1268,contemplation,1
1267,contemplate,1
1265,contact,1
1263,consult,1
1262,constructive,1
4286,prior,1
1260,constitution,1
4289,prisoner,1
4290,pristine,1
4291,privacy,1
4295,proactive,1
4296,probability,1
1256,conspire,1
4329,prom,1
1240,conscience,1
4332,promising,1
4365,pseudo,1
4367,pt,1
4368,ptsd,1
1217,conduct,1
2424,funniest,1
4371,publicity,1
1215,condom,1
4373,pucker,1
4374,pud,1
4376,pug,1
1212,condense,1
4379,puller,1
4380,pulsing,1
1208,concoct,1
1206,conclude,1
4385,punctuate,1
4386,puncture,1
4387,pundit,1
4392,punt,1
4394,pup,1
1204,concerned,1
1202,concept,1
4366,psychiatric,1
4364,proxy,1
1239,conquer,1
4363,provoke,1
4334,promotional,1
1238,conniving,1
4336,pronouncement,1
1235,congresswoman,1
4339,propel,1
1234,congressional,1
4342,property,1
4343,proposal,1
4344,propose,1
4345,prorogue,1
1230,congee,1
4347,prosecutor,1
1229,confusing,1
4353,protective,1
1225,conflict,1
1223,confidently,1
1220,confessed,1
4359,proven,1
4360,proverbial,1
1218,confederacy,1
4362,provision,1
1278,continuous,1
1280,contribute,1
4399,purge,1
4175,pommy,1
1351,cowardly,1
1350,cowardice,1
4163,policing,1
1349,coward,1
4166,polite,1
1347,coverage,1
1345,covenant,1
1337,countryman,1
4171,polka,1
1335,counting,1
4177,ponder,1
4261,presentable,1
4178,pontus,1
1334,counterproductive,1
4180,ponytail,1
4181,poodle,1
4182,poof,1
1332,counter,1
1331,countdown,1
4186,poppy,1
4187,populace,1
1329,councillor,1
1352,cowboy,1
4159,poisonous,1
4158,poisoning,1
1353,cowhide,1
4133,platter,1
4134,plausible,1
1377,creditor,1
1375,credible,1
4137,playground,1
1372,crease,1
1371,creamy,1
4140,playtime,1
4141,pleasant,1
4142,pleasantry,1
1368,crazed,1
1367,crawl,1
1365,crave,1
4147,plight,1
1364,crasher,1
4149,pluralism,1
1362,crappy,1
1360,craft,1
4153,poach,1
1356,crackdown,1
4155,poe,1
4189,populate,1
4190,populated,1
1327,cotton,1
1297,coo,1
1296,convinced,1
4232,practise,1
4233,prairie,1
1294,conviction,1
1290,conversely,1
4238,preach,1
4239,preacher,1
4240,preachy,1
4241,predator,1
4242,predecessor,1
1289,conversationalist,1
4244,predictable,1
4246,predictive,1
4247,predominantly,1
4249,preferably,1
1285,convene,1
4252,premiere,1
4253,premiership,1
4255,prep,1
4256,preparation,1
1281,contributor,1
4230,practically,1
4225,powdery,1
4192,pore,1
4224,powder,1
1324,cosmetic,1
4194,porn,1
4196,porous,1
4197,port,1
4198,portion,1
4199,portrait,1
4200,portuguese,1
4202,posh,1
1319,correctly,1
4206,possibility,1
1318,correction,1
1316,corps,1
1315,corporate,1
4211,posting,1
4212,posture,1
1311,core,1
1310,cord,1
4216,potty,1
1309,copyright,1
1305,coordinator,1
1304,cooperation,1
1201,concentration,1
1200,conceivable,1
3552,minus,1
4618,repentant,1
4605,removal,1
1074,cleric,1
4608,rendezvous,1
4610,renew,1
4611,rental,1
4613,reparation,1
4614,repatriate,1
4615,repeal,1
1071,cleanup,1
4617,repeatedly,1
1068,claw,1
1101,cochise,1
1066,classmate,1
4623,reported,1
4624,reportedly,1
1065,classify,1
4626,repose,1
1064,classification,1
1063,classical,1
4631,reprimand,1
4634,reputable,1
4635,reputation,1
1076,click,1
1077,client,1
1079,climate,1
4598,remake,1
4564,regime,1
4565,regiment,1
4566,regional,1
4568,regret,1
4569,regretfully,1
1096,cm,1
4572,regulation,1
4573,reich,1
4575,reinforce,1
4578,rejecting,1
4580,rekindling,1
1091,clothing,1
4586,relatively,1
4587,relativism,1
1086,clone,1
4590,relentlessly,1
4592,reliable,1
1085,clockwork,1
1083,clitoris,1
4595,relish,1
1080,cling,1
1060,clash,1
1059,clarify,1
1058,claptrap,1
1039,ci,1
4674,restriction,1
1038,churning,1
4677,resurface,1
4678,retail,1
4679,retain,1
1035,chump,1
4681,retardation,1
4683,rethink,1
4685,retract,1
4686,retriever,1
1033,chromosome,1
4688,reunion,1
4689,reunite,1
1032,christianity,1
4691,revealed,1
4692,revelation,1
4693,revenge,1
4694,revengeful,1
4698,revised,1
4699,revisit,1
4700,revival,1
4672,restore,1
1040,cigarette,1
1057,claps,1
4669,responsibly,1
4640,rescuer,1
1055,clan,1
4643,reserve,1
4644,reserved,1
4645,reset,1
4646,resettle,1
4648,reside,1
4649,residence,1
4652,resilience,1
1052,civilize,1
4654,resistance,1
4657,resort,1
4658,resound,1
1050,civility,1
1049,civilise,1
4661,respectable,1
4662,respected,1
1048,civilisation,1
1047,civil,1
1043,circumcision,1
1041,cinema,1
1100,cocaine,1
4560,refusal,1
1199,conceit,1
4468,rasher,1
4442,racketeer,1
1165,communicate,1
1163,commoner,1
4452,rampage,1
4454,rancid,1
1160,committal,1
1157,commissioner,1
1155,commerce,1
1152,commemorate,1
4467,rash,1
4469,raspberry,1
1103,cockney,1
1151,command,1
1150,coming,1
4474,ratio,1
4476,rational,1
4477,ratted,1
4479,rave,1
4480,raven,1
1146,comeuppance,1
4485,reacting,1
1140,combined,1
1171,comparable,1
1173,comparison,1
4439,racing,1
1175,compelling,1
4405,pussys,1
1195,compute,1
4407,putt,1
4408,puzzle,1
4410,qualification,1
1190,compose,1
4414,quash,1
1188,complicity,1
4417,quesadilla,1
1187,complicate,1
1186,complexity,1
4422,quid,1
4425,quirk,1
4426,quirky,1
4427,quisling,1
1179,competitive,1
4431,quotation,1
1177,compete,1
4433,quotient,1
4434,quoting,1
4436,rabid,1
1138,coma,1
1137,column,1
1134,colored,1
1117,collaboration,1
1116,coleslaw,1
4530,recruitment,1
4531,rectify,1
1113,coke,1
4534,redeem,1
4535,redeemable,1
1112,coincidentally,1
4537,redesign,1
4541,reduction,1
4542,reelect,1
1110,cohesion,1
1109,cognizant,1
4547,referred,1
1106,coconut,1
4550,refining,1
4551,reflect,1
4552,reflection,1
4553,reflexive,1
1104,cocktail,1
4556,refrigerator,1
4557,refuge,1
4526,recording,1
4524,reconstruct,1
4490,reaffirm,1
4521,reconcile,1
1132,colony,1
1131,colonic,1
4493,realist,1
1130,colonialism,1
1128,collude,1
4497,reaper,1
1127,college,1
4499,reasoning,1
4500,reassure,1
1125,collectivization,1
4503,recant,1
1124,collectively,1
4508,recession,1
1122,collection,1
4510,recipient,1
4511,recite,1
4514,reckoning,1
4516,recognise,1
4518,recognizable,1
1119,collar,1
4520,recollection,1
4132,platitude,1
1378,creep,1
1380,cretin,1
1591,deposit,1
1599,dereliction,1
3734,newborn,1
1598,der,1
1597,deputy,1
3737,newspaper,1
1595,deprive,1
3739,ng,1
3740,ngos,1
3741,nh,1
1594,depression,1
3747,nigh,1
1634,developed,1
1589,deploy,1
1588,deplorable,1
3752,noble,1
1587,depict,1
1586,dependent,1
3755,nomad,1
3757,nomination,1
1584,department,1
1583,depart,1
3761,nonetheless,1
3732,nevertheless,1
3727,nest,1
3725,nervous,1
1602,des,1
3685,narrow,1
3686,nasally,1
3687,nastiness,1
1630,deter,1
1629,detention,1
3694,nationally,1
3700,nauseate,1
3701,nay,1
1624,destroyed,1
1621,despot,1
1616,desperation,1
3706,necessary,1
1615,desperately,1
3711,needy,1
1613,desk,1
3714,negativity,1
3715,negotiate,1
3717,negotiator,1
1607,desensitize,1
1603,descendant,1
3723,nerd,1
1581,densely,1
3763,nonsensical,1
3764,nonstop,1
3798,nw,1
3801,obese,1
3802,obey,1
1567,demean,1
3804,objectify,1
3809,obscene,1
3810,obscurity,1
3811,observation,1
3813,obsess,1
3814,obsessively,1
3815,obstruct,1
1558,delicacy,1
3820,occupy,1
1557,deliberately,1
3824,ode,1
3825,offence,1
1556,deliberate,1
1554,delegation,1
1553,delegate,1
1552,delaying,1
1547,defy,1
1546,defuse,1
1568,demented,1
3797,nuts,1
1580,denounce,1
3794,nurse,1
3768,northeast,1
1578,demonstration,1
3771,nostalgia,1
3772,nosy,1
3773,notch,1
1576,demonize,1
1575,demonise,1
1574,demonetize,1
3777,notification,1
3778,notion,1
3779,nourished,1
3780,nous,1
3783,nsw,1
3784,nt,1
3785,nuance,1
3786,nugget,1
3787,nuisance,1
3789,nuked,1
3790,nullify,1
3791,numb,1
3793,numerous,1
3683,narrate,1
3680,nappy,1
4128,plastered,1
1673,dim,1
1678,dining,1
3592,moisture,1
1676,dimwit,1
3594,moll,1
1675,dimension,1
1674,dime,1
3597,momentary,1
3598,momentum,1
3599,mommy,1
3600,monarch,1
1672,dilute,1
3679,nap,1
1671,diligent,1
1669,digitally,1
3606,monitor,1
1668,digital,1
3608,mono,1
3609,monologue,1
1667,digger,1
3611,monstrosity,1
3612,monstrous,1
3614,monument,1
3589,modern,1
3586,modeling,1
1681,dint,1
3582,mobility,1
3554,miracle,1
1694,disaffect,1
3556,mischief,1
1693,disadvantaged,1
3558,misery,1
3560,misguide,1
3561,misinformation,1
3562,mislead,1
3563,misleading,1
3564,mispronounce,1
1692,dis,1
3566,missing,1
3568,missus,1
3569,missy,1
3571,mistaken,1
3572,mister,1
1687,direction,1
3575,mm,1
3578,moaner,1
1684,dipper,1
3581,mobilise,1
1664,differentiate,1
1661,dietary,1
3617,morally,1
3651,mum,1
3653,mural,1
1644,diabolical,1
1643,dhal,1
3656,murdering,1
3658,muscle,1
3659,mushroom,1
1642,dexter,1
1641,devotee,1
1640,devote,1
3664,musty,1
3665,mutilate,1
3667,mystery,1
3668,myth,1
1639,devolved,1
1638,devious,1
3671,nagger,1
3673,naive,1
3674,naked,1
3676,namely,1
3677,namibia,1
3678,nanny,1
3652,mumble,1
1645,diagnose,1
1659,diesel,1
3649,mulla,1
3621,moroccan,1
1657,dictionary,1
3623,moronic,1
3624,mosque,1
1656,dictatorship,1
1655,dictatorial,1
1654,dictator,1
1653,dictate,1
3631,motherland,1
3634,motivated,1
3636,motive,1
3637,motorize,1
3638,mourning,1
3639,mouse,1
1650,diaper,1
3641,mouthful,1
1649,diamond,1
1648,dialysis,1
1647,dialogue,1
3645,mph,1
3647,muffin,1
3835,offshore,1
1545,defunct,1
1544,deflecting,1
4032,percentage,1
4018,peek,1
4021,pelter,1
4022,pen,1
1439,curbed,1
4025,penitentiary,1
4026,pension,1
4027,pensioner,1
4029,pepper,1
4030,perceive,1
4031,percent,1
1437,cupcake,1
1543,deflect,1
1436,cupboard,1
1429,cuff,1
1427,cu,1
4039,performer,1
1426,crystal,1
1425,crying,1
4042,permanently,1
4043,permissibility,1
1423,crushed,1
4046,perpetrate,1
4017,pedophilia,1
4016,pedophile,1
4015,pebble,1
4014,peak,1
3978,participate,1
3979,participation,1
1460,cyclone,1
3982,partly,1
1459,cyclist,1
1458,cv,1
3985,pas,1
3987,passage,1
3990,passport,1
3994,pat,1
3996,path,1
1450,curve,1
3999,patiently,1
4002,patriotism,1
4003,patrol,1
4004,patronised,1
4005,patronising,1
4006,pattern,1
1447,curry,1
4008,pawn,1
1444,curly,1
4048,persecution,1
4049,persist,1
4050,persistent,1
4094,pillage,1
4096,pillow,1
1401,crock,1
4099,pineapple,1
1400,croatian,1
4102,pinnacle,1
4103,pinpoint,1
4104,pioneer,1
4109,pissing,1
4111,pit,1
1393,crispy,1
1392,crisper,1
4115,pivot,1
1390,cripple,1
1388,criminality,1
1385,cricketing,1
1382,crib,1
1381,crew,1
4123,plank,1
4124,planning,1
4125,plant,1
4127,plaster,1
4095,pillaging,1
1402,crocodile,1
1421,crusader,1
1407,crosse,1
1417,cruise,1
1416,cruelty,1
4056,perspective,1
4057,persuasion,1
4058,peruse,1
4059,pervert,1
4060,pest,1
4062,petition,1
4064,petty,1
4066,phd,1
4067,philosophical,1
1414,crude,1
1413,crud,1
4076,physically,1
4077,physician,1
1408,crossover,1
4080,picker,1
4081,picket,1
4082,picking,1
4084,picky,1
4085,picnic,1
3977,participant,1
3974,parrot,1
3973,parole,1
1509,deb,1
3877,organisational,1
1506,dean,1
3879,organize,1
3880,organizer,1
3881,orientalist,1
3882,origin,1
3884,originate,1
3885,orpheus,1
1503,deafen,1
3888,ounce,1
3889,oust,1
3891,outdated,1
3892,outdoors,1
3893,outfit,1
3894,outlook,1
3895,outnumber,1
3896,outpace,1
3897,outplay,1
1499,deactivated,1
3901,outright,1
1498,deactivate,1
3874,orderly,1
3872,ordain,1
3904,outsourcing,1
3871,oranger,1
3839,oilier,1
1542,definitive,1
1538,defenseless,1
3843,old_delhi,1
3844,omit,1
3845,omniscience,1
3846,oncoming,1
1535,defect,1
3851,ooze,1
1533,default,1
1532,defame,1
1531,deer,1
1528,deed,1
1527,dedicated,1
1524,deconstructing,1
1516,deceitful,1
3862,opposing,1
3867,optic,1
1511,debatable,1
3869,optional,1
1510,debarred,1
1495,dazzle,1
3906,oven,1
3971,parliamentary,1
3940,pal,1
3942,palaeolithic,1
3943,palate,1
1471,dally,1
3948,pander,1
3950,panelist,1
3951,panic,1
3952,pant,1
3953,pantie,1
3954,papa,1
1470,dairy,1
3958,paradigm,1
3959,paragraph,1
3960,parameter,1
3961,paranoia,1
1468,dagga,1
3963,parasite,1
3964,parcel,1
1467,dag,1
3967,parenthesis,1
1463,dabble,1
1462,cynicism,1
3941,palace,1
1474,damaging,1
3907,overbearing,1
1477,dancer,1
3908,overdone,1
3909,overgrown,1
3910,overhear,1
3911,overkill,1
1493,dawah,1
3913,overpay,1
3914,overran,1
1489,dartboard,1
3916,overrun,1
3917,oversight,1
3918,overwhelm,1
3919,overwhelmed,1
1488,darn,1
1484,dank,1
3924,pace,1
1483,danish,1
1482,dangle,1
3928,padded,1
3932,pageant,1
1478,dancing,1
3935,painfully,1
6316,zucchini,1
